illustration_id,translation
i-0001,差异，差别
i-0002,创造，创作
i-0003,增加，增长
i-0004,改善，提高
i-0005,意味着，表示
i-0006,拥有，持有
i-0007,包含，包括
i-0008,决定
i-0009,分享，分担
i-0010,想法，构想
i-0011,公司，企业
i-0012,理由，依据
i-0013,重复，反复
i-0014,讨厌，憎恨
i-0015,虽然，尽管
i-0016,普通的，正常的
i-0017,数量，金额
i-0018,费用，代价
i-0019,错误，差错
i-0020,目标，目的
i-0021,期间，时代
i-0022,状态，条件
i-0023,发展，开发
i-0024,发现
i-0025,介绍，引入
i-0026,提供，供应
i-0027,支持，援助
i-0028,考虑，研究
i-0029,允许，准许
i-0030,生产，制造
i-0031,主动提出，提供
i-0032,保管，储存
i-0033,说明，描述
i-0034,减少，缩小
i-0035,避免，回避
i-0036,意识到，实现
i-0037,比较，对比
i-0038,存在，实存
i-0039,做标记，表示
i-0040,完成，做完
i-0041,兴趣，关心
i-0042,研究，调查
i-0043,原因，因素
i-0044,影响，效果
i-0045,情况，局势
i-0046,环境，周围状况
i-0047,技能，技巧
i-0048,事情，要紧
i-0049,看法，意见
i-0050,价值，用处
i-0051,想法，思考
i-0052,知识，见识
i-0053,记忆，回忆
i-0054,文章，物品
i-0055,主题，科目
i-0056,计划，项目
i-0057,角色，作用
i-0058,共同体，社区
i-0059,文化，修养
i-0060,可能的，可能发生的
i-0061,常见的，共同的
i-0062,相似的，类似的
i-0063,各种各样的，多样的
i-0064,空白的
i-0065,正确的，纠正
i-0066,注意到，通知
i-0067,接近，方法
i-0068,感到疑惑，想知道
i-0069,想象，设想
i-0070,认出，辨认
i-0071,画，引出
i-0072,展开，蔓延
i-0073,准备
i-0074,获得，增加
i-0075,更喜欢
i-0076,提到，谈及
i-0077,包含，容纳
i-0078,联系，接触
i-0079,尊敬，尊重
i-0080,寻找，搜索
i-0081,连接，关联
i-0082,榜样，模型
i-0083,图像，印象
i-0084,性格，角色
i-0085,表达方式，词组
i-0086,地区，地方
i-0087,详情，细节
i-0088,项目，物品
i-0089,积极的，肯定的
i-0090,否定的，消极的
i-0091,当前的，最新的
i-0092,活跃的，积极的
i-0093,必要的，不可缺少的
i-0094,出席，参加
i-0095,赚得，获得
i-0096,喂养，供养
i-0097,匹配，一致
i-0098,隐藏，躲藏
i-0099,去除，取下
i-0100,放松，缓解紧张
i-0101,流行，时尚
i-0102,疼痛，痛苦
i-0103,账单，法案
i-0104,内容，满意的
i-0105,听众，观众
i-0106,表面，水面
i-0107,话题，主题
i-0108,选项，选择自由
i-0109,整个的，完整的
i-0110,明显的，清楚的
i-0111,普通的，平凡的
i-0112,以前的，前一个的
i-0113,信任，信赖
i-0114,分开，分割
i-0115,拒绝，谢绝
i-0116,流动，流
i-0117,网络，蜘蛛网
i-0118,准确的，恰当的
i-0119,方便的，合适的
i-0120,咬，咬住
i-0121,拼写，咒语
i-0122,呼吸
i-0123,诀窍，建议
i-0124,东西，塞满
i-0125,狭窄的，有限的
i-0126,结冰，使冻结
i-0127,打，击败
i-0128,赶紧，蜂拥而至
i-0129,悬挂，吊着
i-0130,庆祝，纪念
i-0131,费用，手续费
i-0132,心情，气氛
i-0133,停止，离开
i-0134,恶作剧，戏法
i-0135,融化，使融化
i-0136,借给
i-0137,使害怕，吓唬
i-0138,排，争吵
i-0139,打招呼，迎接
i-0140,购物中心
i-0141,食谱，秘诀
i-0142,倒，倾泻
i-0143,抓住，夺取
i-0144,折叠，折痕
i-0145,糟糕的，可怕的
i-0146,点头，点头致意
i-0147,擦
i-0148,点击，咔嗒声
i-0149,因此，所以
i-0150,这样，因此
i-0151,正式的，形式上的
i-0152,专业的，职业的
i-0153,现实的，实际的
i-0154,迅速的，快速的
i-0155,独特的，唯一的
i-0156,有效的，有效果的
i-0157,因素，要素
i-0158,模式，图案
i-0159,过程，工序
i-0160,危险，风险
i-0161,日程，计划
i-0162,标准，基准
i-0163,添加，加法
i-0164,气候，风土
i-0165,消费者
i-0166,讨论，商谈
i-0167,保护，守护
i-0168,暗示，建议
i-0169,需要，要求
i-0170,担忧，关心
i-0171,包括，涉及
i-0172,设计
i-0173,强迫，力量
i-0174,限制，限度
i-0175,影响
i-0176,处理，交易
i-0177,有关，关联
i-0178,鼓励，促进
i-0179,测量，措施
i-0180,依赖，依靠
i-0181,要求，需求
i-0182,影响，影响力
i-0183,练习，实践
i-0184,利益，好处
i-0185,问题，课题
i-0186,实验
i-0187,焦点，集中
i-0188,品质，质量
i-0189,术语，期限
i-0190,材料，素材
i-0191,来源，出处
i-0192,技术，科技
i-0193,公共的，公有的
i-0194,确定的，特定的
i-0195,最近的，近期的
i-0196,主要的，专业
i-0197,患者，有耐心的
i-0198,特定的，特别的
i-0199,可用的，可获得的
i-0200,本国的，原产的
i-0201,古代的
i-0202,提到，参考
i-0203,解决，解答
i-0204,发生，出现
i-0205,表达，陈述
i-0206,浪费，挥霍
i-0207,达到，完成
i-0208,供应，提供
i-0209,认为，假设
i-0210,对待，治疗
i-0211,应用，申请
i-0212,防止，预防
i-0213,幸存，生存下来
i-0214,机会，良机
i-0215,任务，工作
i-0216,账户，说明
i-0217,数字，人物
i-0218,感情，情绪
i-0219,压力，强调
i-0220,十年
i-0221,范围，幅度
i-0222,优点，优势
i-0223,损害，损伤
i-0224,方法，手法
i-0225,药，医学
i-0226,特征，专题报道
i-0227,功能，作用
i-0228,收入，所得
i-0229,地点，现场
i-0230,习惯，癖好
i-0231,联系，关联
i-0232,特定的，具体的
i-0233,官方的，公务员
i-0234,意识到的，知道的
i-0235,数字的
i-0236,便携的，移动式的
i-0237,最终，逐渐
i-0238,确定，确认
i-0239,表示，代表
i-0240,表明，指示
i-0241,管理，设法完成
i-0242,替换，取代
i-0243,分类，种类
i-0244,尝试，企图
i-0245,使团结，统一
i-0246,吸引，使着迷
i-0247,减少，下降
i-0248,忽视，没注意到
i-0249,交换，兑换
i-0250,显示，展示
i-0251,反应，回应
i-0252,成功
i-0253,装置，设备
i-0254,费用，收费
i-0255,同事
i-0256,部分，部门
i-0257,农作物
i-0258,报酬，奖赏
i-0259,犯罪
i-0260,燃料
i-0261,均衡，平衡
i-0262,交通，往来
i-0263,目标，目的
i-0264,痕迹，追踪
i-0265,进步，前进
i-0266,理想的，理想
i-0267,额外的，多余的
i-0268,熟悉的，熟知的
i-0269,相等的，同等的
i-0270,错误的，虚假的
i-0271,罕见的，稀有的
i-0272,实际的，真实的
i-0273,检查，检验
i-0274,判断，法官
i-0275,依靠，依赖
i-0276,扩大，扩展
i-0277,使困惑，使为难
i-0278,选择，挑选
i-0279,想起，召回
i-0280,破坏，毁坏
i-0281,整理，组织
i-0282,警告，提醒
i-0283,包围，围绕
i-0284,抱怨，投诉
i-0285,结合，合并
i-0286,延长，扩展
i-0287,目标，靶子
i-0288,利润，获利
i-0289,礼仪，方式
i-0290,投票，选票
i-0291,景象，视力
i-0292,版本，类型
i-0293,灾害，大灾难
i-0294,讲课，演讲
i-0295,法院，法庭
i-0296,沙漠
i-0297,土壤，泥土
i-0298,文件，文书
i-0299,词汇
i-0300,聪明的，有智力的
i-0301,能够的，有能力的
i-0302,典型的，常见的
i-0303,海外的，到海外
i-0304,表现，守规矩
i-0305,推荐，举荐
i-0306,使惊讶，使惊叹
i-0307,撕裂，眼泪
i-0308,使想起，提醒
i-0309,配送，送达
i-0310,处理，应对
i-0311,表扬，赞扬
i-0312,修理，修复
i-0313,意见，评论
i-0314,宗教
i-0315,附近，地区
i-0316,自信，确信
i-0317,伤害，损害
i-0318,受害者，牺牲者
i-0319,会议，学术会议
i-0320,律师
i-0321,舒适，安慰
i-0322,多个的，多样的
i-0323,每年的，一年一次的
i-0324,奇怪的，奇数的
i-0325,未知的，不为人知的
i-0326,翻译
i-0327,集中，浓缩
i-0328,请求，要求
i-0329,通知，告知
i-0330,宣布，公布
i-0331,不同，有差异
i-0332,后悔，感到遗憾
i-0333,使失望，使沮丧
i-0334,责备，谴责
i-0335,恢复，取回
i-0336,安排，排列
i-0337,确认，确定
i-0338,预算，编制预算
i-0339,贷款，借款
i-0340,义务，职责
i-0341,紧急情况，非常时期
i-0342,伙伴，同事
i-0343,路线，线路
i-0344,日常惯例，常规
i-0345,谷物，颗粒
i-0346,宝物，财宝
i-0347,好奇的，奇怪的
i-0348,焦虑的，担心的
i-0349,稳定的，安定的
i-0350,简短的，简洁的
i-0351,可见的
i-0352,意外的，突然的
i-0353,最初的，首字母
i-0354,准确的，精确的
i-0355,反应
i-0356,反对，意见不合
i-0357,凝视，盯着看
i-0358,使烦恼，麻烦
i-0359,伸展，延伸
i-0360,使不安，使生气
i-0361,使害怕
i-0362,总数，金额
i-0363,语气，音色
i-0364,奖，授予
i-0365,线索
i-0366,框，画框
i-0367,避难所，使避难
i-0368,陷阱，困住
i-0369,折扣，打折
i-0370,固体的，坚固的
i-0371,无礼的
i-0372,使尴尬，使为难
i-0373,使恼火，使厌烦
i-0374,钦佩，赞赏
i-0375,假装
i-0376,埋，埋葬
i-0377,帮助，协助
i-0378,退休，退役
i-0379,欠，负有
i-0380,执照，许可证
i-0381,层
i-0382,地球，世界
i-0383,联盟，联赛
i-0384,竞赛，提出异议
i-0385,警卫，守护
i-0386,对手，反对者
i-0387,一瞥，瞥一眼
i-0388,液体
i-0389,明显的，朴素的
i-0390,纯粹的，纯净的
i-0391,渴望的，热切的
i-0392,道歉
i-0393,救援，营救
i-0394,误解
i-0395,食品杂货店
i-0396,幽默，心情
i-0397,勇气
i-0398,茎，干
i-0399,羞耻，遗憾的事
i-0400,风味，特色
i-0401,部分，一人份
i-0402,碎片，芯片
i-0403,珍贵的，宝贵的
i-0404,轻松的，随意的
i-0405,粗糙的，粗暴的
i-0406,追赶，追踪
i-0407,滑倒，犯小错
i-0408,漂浮，飘荡
i-0409,暂停
i-0410,倾斜，倚靠
i-0411,撞上，肿块
i-0412,伤口，伤害
i-0413,假的，伪造的
i-0414,裂缝，裂开
i-0415,轻敲，水龙头
i-0416,分开，裂开
i-0417,治愈，痊愈
i-0418,欺骗，作弊
i-0419,弯曲，弯下身
i-0420,鞠躬，弓
i-0421,阴凉处，阴影
i-0422,文件，文档
i-0423,感激的
i-0424,勇敢的
i-0425,咀嚼
i-0426,吞咽，抑制
i-0427,擦亮，磨光
i-0428,扫，一扫而光
i-0429,凌乱，混乱
i-0430,风景
i-0431,打哈欠
i-0432,眨眼
i-0433,洒出，泄露
i-0434,原谅
i-0435,别针，用针别住
i-0436,温和的，轻微的
i-0437,喊叫，怒吼
i-0438,摩擦，涂抹
i-0439,抓，擦伤
i-0440,恳求
i-0441,打喷嚏
i-0442,吸，吮吸
i-0443,口渴，渴望
i-0444,愚蠢的，不能说话的
i-0445,此外
i-0446,而且，此外
i-0447,否则，除此以外
i-0448,替代的，替代方案
i-0449,明确的，确定的
i-0450,主要的，首要的
i-0451,意见，反馈
i-0452,基础，地基
i-0453,倾向，趋势
i-0454,构想，视力
i-0455,准确性
i-0456,申请，应用
i-0457,争论，主张
i-0458,平等
i-0459,分析
i-0460,总结
i-0461,合作
i-0462,倾向于
i-0463,难题，提出异议
i-0464,创立，建立
i-0465,物种
i-0466,理论
i-0467,发言，声明
i-0468,证据，依据
i-0469,适当的，合适的
i-0470,可能的
i-0471,各个的，个人
i-0472,身体的，物质的
i-0473,到期的，预定的
i-0474,尽管
i-0475,论证，主张
i-0476,声称，要求
i-0477,推进，进步
i-0478,建立，确立
i-0479,执行，表演
i-0480,决定，确定
i-0481,证明
i-0482,传达，沟通
i-0483,认为，视为
i-0484,减少，拒绝
i-0485,受苦，遭受
i-0486,出版，公布
i-0487,产业
i-0488,经济
i-0489,方针，政策
i-0490,贸易，交易
i-0491,细胞，单人牢房
i-0492,影响，冲击
i-0493,资源，手段
i-0494,使用，访问
i-0495,态度，姿态
i-0496,结构，体系
i-0497,复杂的
i-0498,精神的
i-0499,不可缺少的，本质的
i-0500,财政的，金钱方面的
i-0501,学术的，大学的
i-0502,有价值，值得
i-0503,潜在的，可能性
i-0504,维持，坚持主张
i-0505,调查，环视
i-0506,实施，进行
i-0507,联系起来，联想到
i-0508,促进，使晋升
i-0509,寻求，追求
i-0510,观察，遵守
i-0511,揭示，揭露
i-0512,估计，估价
i-0513,反映，反射
i-0514,定义，明确
i-0515,适应，改编
i-0516,怀疑，疑问
i-0517,假设，想当然
i-0518,使满意，满足
i-0519,对比，对照
i-0520,手法，技术
i-0521,地位，状态
i-0522,种族，竞赛
i-0523,对立，冲突
i-0524,斗争，苦斗
i-0525,辩论，争论
i-0526,污染，公害
i-0527,趋势，流行
i-0528,基础，依据
i-0529,祖先
i-0530,高效的，不浪费的
i-0531,法律的，合法的
i-0532,独立的，无关的
i-0533,极端的，激进的
i-0534,愿意的，乐意的
i-0535,城市的，都市的
i-0536,预测，预言
i-0537,出现，显现
i-0538,变化，各不相同
i-0539,释放，解放
i-0540,使能够
i-0541,转移，改变
i-0542,采用，收养
i-0543,获得，掌握
i-0544,消耗，食用
i-0545,说服，使确信
i-0546,操作，做手术
i-0547,参加
i-0548,主办，主人
i-0549,感激，评价
i-0550,要素，元素
i-0551,大气，气氛
i-0552,起源，由来
i-0553,性格，个性
i-0554,威胁
i-0555,居民，居住者
i-0556,财富，财产
i-0557,运动，活动
i-0558,资金，基金
i-0559,象征，符号
i-0560,分析
i-0561,危机
i-0562,性别
i-0563,习俗，海关
i-0564,化石
i-0565,坚固的，公司
i-0566,总体的，综合的
i-0567,农村的，乡村的
i-0568,恒定的，持续不断的
i-0569,严厉的，严重的
i-0570,巨大的，庞大的
i-0571,国内的，家庭的
i-0572,大量的，大众
i-0573,教育
i-0574,购买，采购
i-0575,承认，接受
i-0576,产生，生成
i-0577,探险，探索
i-0578,解决，定居
i-0579,负担得起，给予
i-0580,得出结论，结束
i-0581,宣传，做广告
i-0582,遇到，遭遇
i-0583,查明位置，位于
i-0584,援助，帮助
i-0585,竞争
i-0586,否认，不承认
i-0587,拒绝，驳回
i-0588,打算，意图
i-0589,提议，求婚
i-0590,指示，说明书
i-0591,研究室，实验室
i-0592,器具，乐器
i-0593,分类，类别
i-0594,资本，首都
i-0595,结果，成果
i-0596,复习，评价
i-0597,机会，场合
i-0598,设施，设备
i-0599,库存，股票
i-0600,人类，人性
i-0601,哺乳动物
i-0602,数量
i-0603,风景，景观
i-0604,脏器，器官
i-0605,尝试，审判
i-0606,规则，密码
i-0607,许多的
i-0608,充分的，足够的
i-0609,适当的，得体的
i-0610,严格的，严厉的
i-0611,暴力的，激烈的
i-0612,立即的，直接的
i-0613,有点，稍微
i-0614,解释，理解
i-0615,批评，指责
i-0616,克服，战胜
i-0617,获得，取得
i-0618,确保，保证
i-0619,反对，对抗
i-0620,强调
i-0621,雇用，使用
i-0622,产生，发生
i-0623,改变，更改
i-0624,吸收，吸纳
i-0625,治愈，治疗方法
i-0626,运输，运送
i-0627,禁止，禁令
i-0628,调整，适应
i-0629,开支，经费
i-0630,债务，欠款
i-0631,警报，不安
i-0632,部长，牧师
i-0633,候选人
i-0634,武器，兵器
i-0635,障碍，屏障
i-0636,不利，不利之处
i-0637,运动，动作
i-0638,神话，虚构故事
i-0639,委托人，客户
i-0640,原料，成分
i-0641,合同，收缩
i-0642,戏剧性的，夸张的
i-0643,较小的，次要的
i-0644,灵活的，有弹性的
i-0645,抛弃，放弃
i-0646,捕获，捕捉
i-0647,转移，移动
i-0648,说服，使信服
i-0649,租用，房租
i-0650,预订，保留
i-0651,建议，劝告
i-0652,安装，附上
i-0653,妨碍，扰乱
i-0654,碰撞，坠毁
i-0655,允许，许可证
i-0656,使感动，给人留下印象
i-0657,怀疑，嫌疑人
i-0658,进口，输入
i-0659,出口，输出
i-0660,计算，算出
i-0661,缓解，使轻松
i-0662,启动，发射
i-0663,目击者，目击
i-0664,荣誉，光荣
i-0665,优先事项
i-0666,最低限度，最小的
i-0667,纽带，债券
i-0668,病毒
i-0669,保险
i-0670,地区，区域
i-0671,收获，收割
i-0672,过失，缺点
i-0673,对话，交谈
i-0674,频繁的，经常发生的
i-0675,随机的，随意的
i-0676,生的，未经加工的
i-0677,拥有，持有
i-0678,保证，担保
i-0679,使泄气，劝阻
i-0680,使精疲力尽，排气
i-0681,宣布，申报
i-0682,确保，使安全
i-0683,抵抗，忍受
i-0684,模仿，仿效
i-0685,相似，像
i-0686,倒塌，崩溃
i-0687,抗议，抗议活动
i-0688,使命，任务
i-0689,马达，动力
i-0690,职业，专业工作
i-0691,编辑
i-0692,代理人，中介
i-0693,手段
i-0694,会议，课程
i-0695,离婚，离婚
i-0696,指导方针，标准
i-0697,基础，平台
i-0698,途径，频道
i-0699,财产，运气
i-0700,艺术的
i-0701,古典的，经典的
i-0702,具体的，混凝土
i-0703,轻微的，微弱的
i-0704,暂时的
i-0705,有罪的，感到内疚的
i-0706,难以置信的，惊人的
i-0707,足够的，适当的
i-0708,批准，赞成
i-0709,堆积，堆
i-0710,值得，应得
i-0711,击败，失败
i-0712,忍受，忍耐
i-0713,解决，决心
i-0714,登记，记录
i-0715,中断，打扰
i-0716,惩罚
i-0717,毁掉，毁灭
i-0718,保护，防御
i-0719,热情，热衷
i-0720,阶段，局面
i-0721,核心，中心
i-0722,信任，信仰
i-0723,奢侈，高档品
i-0724,议会，委员会
i-0725,宽宏大量的，慷慨的
i-0726,乐观的
i-0727,令人不快的，讨厌的
i-0728,失聪的
i-0729,真正的，真诚的
i-0730,即时的，速成的
i-0731,备用的，多余的
i-0732,严厉的，恶劣的
i-0733,稳步的，稳定的
i-0734,装载，货物
i-0735,闲逛，徘徊
i-0736,发音，宣判
i-0737,收缩，缩小
i-0738,恢复，复原
i-0739,使愉快，招待
i-0740,扫描，浏览
i-0741,提交，服从
i-0742,犹豫，迟疑
i-0743,泵送，泵
i-0744,商量，诊察
i-0745,图表，图
i-0746,地理
i-0747,学期
i-0748,命运
i-0749,最大限度，最大的
i-0750,小路，痕迹
i-0751,混合物，混合
i-0752,魅力，魔力
i-0753,非正式的，简便的
i-0754,警觉的，警报
i-0755,残忍的，冷酷的
i-0756,低调的，谦虚的
i-0757,热切的，敏锐的
i-0758,理解，紧握
i-0759,捐赠，提供
i-0760,逮捕，拘捕
i-0761,破裂，突然爆发
i-0762,禁止
i-0763,安装，装设
i-0764,引用，引文
i-0765,服从
i-0766,欺负，恶霸
i-0767,跳跃，跃起
i-0768,投掷，音高
i-0769,输入，投入
i-0770,优点，长处
i-0771,同情，共鸣
i-0772,赞美，称赞的话
i-0773,光线，光
i-0774,关节，共同的
i-0775,曲线，弯曲
i-0776,幻想，空想
i-0777,极好的，出色的
i-0778,无罪的，天真的
i-0779,浅的，肤浅的
i-0780,尴尬的，笨拙的
i-0781,前进，继续进行
i-0782,浏览网络，冲浪
i-0783,握住，握力
i-0784,逐渐消失，褪色
i-0785,毁掉，宠坏
i-0786,爆炸，激增
i-0787,装饰，装点
i-0788,注意，谨慎
i-0789,香味
i-0790,饮料
i-0791,画廊，美术馆
i-0792,名声
i-0793,截止日期
i-0794,坟墓，严重的
i-0795,栏，专栏
i-0796,药片，平板电脑
i-0797,苦的，痛苦的
i-0798,紧张的，时态
i-0799,仙女
i-0800,着手处理
i-0801,使开心，逗乐
i-0802,旋转，纺纱
i-0803,拖拽，延误
i-0804,染，染料
i-0805,抢夺，抢劫
i-0806,扭，拧
i-0807,压碎，击垮
i-0808,个人资料，人物形象
i-0809,食欲，欲望
i-0810,剧本，文字
i-0811,纪念日
i-0812,牛，家畜
i-0813,监狱，拘留所
i-0814,格式，版式
i-0815,还不错的，得体的
i-0816,羞愧的
i-0817,无线的
i-0818,低声说，耳语
i-0819,摆动，挥动
i-0820,敢于，挑战
i-0821,翻转，轻弹
i-0822,噩梦，噩梦般的事件
i-0823,传闻
i-0824,装备，齿轮
i-0825,更新，最新信息
i-0826,喷洒，散布
i-0827,叹气
i-0828,标题，头条新闻
i-0829,整洁的，很棒的
i-0830,整齐的，整理
i-0831,爬行，缓慢前进
i-0832,删除
i-0833,祈祷
i-0834,化妆，性格
i-0835,洗衣，待洗衣物
i-0836,奇怪的，古怪的
i-0837,疼痛的，发炎的
i-0838,火焰，燃烧起来
i-0839,插入，插头
i-0840,戏弄，欺负
i-0841,日食，月食
i-0842,差事，跑腿
i-0843,一套服装，装备
i-0844,孤儿
i-0845,干草
i-0846,暴怒的，猛烈的
i-0847,头晕的，眩晕的
i-0848,结果，因此
i-0849,一贯的，不矛盾的
i-0850,多样的，各种各样的
i-0851,有益的，有帮助的
i-0852,相当大的，相当可观的
i-0853,强调，重点
i-0854,目的，目标
i-0855,程序，手续
i-0856,假设，设想
i-0857,能力，性能
i-0858,合作，协作
i-0859,集中，浓度
i-0860,批评，评论
i-0861,效率
i-0862,促进，使容易
i-0863,忍受，生育
i-0864,政治的
i-0865,方面，观点
i-0866,重要的，重大的
i-0867,塑料的，柔韧的
i-0868,化学的，化学性质的
i-0869,贡献，成为原因之一
i-0870,缠绕，蜿蜒
i-0871,愿望，渴望
i-0872,概念
i-0873,语境，背景
i-0874,战略
i-0875,结果，重要性
i-0876,基因
i-0877,革命
i-0878,广阔的，巨大的
i-0879,道德的，伦理的
i-0880,粘住，刺入
i-0881,从事，使参与
i-0882,应对，演讲
i-0883,使厌烦，钻孔
i-0884,容量，容纳能力
i-0885,权威，当局
i-0886,心理学
i-0887,农业
i-0888,意识到的，有意识的
i-0889,基本的，根本的
i-0890,人工的，不自然的
i-0891,军事的，军队
i-0892,核的，核能的
i-0893,视觉的，可见的
i-0894,证实，表明
i-0895,呼吁，魅力
i-0896,坚持主张，坚称
i-0897,赞成，好意
i-0898,激励，启发
i-0899,由……组成，包含
i-0900,存在，出席
i-0901,特性，特点
i-0902,多样性
i-0903,方言
i-0904,比例，比率
i-0905,部族
i-0906,广泛流行的，范围广的
i-0907,市民的，民用的
i-0908,敏感的，细腻的
i-0909,极其重要的，重大的
i-0910,给予，准予
i-0911,功劳，信用
i-0912,改变，使转变
i-0913,建造，构成
i-0914,使着迷，引起兴趣
i-0915,互动，交往
i-0916,民主主义，民主政治
i-0917,法人，企业
i-0918,抑郁，经济萧条
i-0919,移民，移居
i-0920,纪律，管教
i-0921,统计
i-0922,福利，幸福
i-0923,主要的，最重要的
i-0924,明显不同的，明确的
i-0925,不可缺少的，生命的
i-0926,非凡的，异常的
i-0927,攻击性的，积极进取的
i-0928,准确的，精密的
i-0929,后者的
i-0930,承诺，犯下
i-0931,刺激，使活跃
i-0932,提高，增强
i-0933,追求，追赶
i-0934,投资，投入
i-0935,痕迹，追溯
i-0936,说明，举例说明
i-0937,传达，运送
i-0938,使困惑，难题
i-0939,应对
i-0940,调查，侦查
i-0941,症状
i-0942,事件，事故
i-0943,负担
i-0944,逻辑
i-0945,例外
i-0946,手术
i-0947,领土，区域
i-0948,边界，界限
i-0949,栖息地
i-0950,合作，协作
i-0951,名声，评价
i-0952,内部的，内在的
i-0953,远程的，遥远的
i-0954,相关的，适当的
i-0955,持久的，永久的
i-0956,强烈的，激烈的
i-0957,有意义的，有含义的
i-0958,邪恶的，恶
i-0959,灭绝的
i-0960,热带的
i-0961,检测，发现
i-0962,奉献，专心致力于
i-0963,强烈敦促，主张
i-0964,限制，限定
i-0965,陪同，伴随
i-0966,使处于危险之中
i-0967,承认，表示感谢
i-0968,评价，评估
i-0969,颠倒，反转
i-0970,分配，布置
i-0971,完成，实现
i-0972,智慧，明智
i-0973,遗产，传统
i-0974,精英，精锐
i-0975,蛋白质
i-0976,牺牲，牺牲掉
i-0977,组织，纸巾
i-0978,偏见，成见
i-0979,正义，公正
i-0980,部门，领域
i-0981,冰川
i-0982,使用，用法
i-0983,文学的，书面语的
i-0984,陌生的，不熟悉的
i-0985,海洋的，海军的
i-0986,明显的，表面看来是……的
i-0987,王室的，国王的
i-0988,经由
i-0989,评价，评估
i-0990,意见，发表评论
i-0991,分发，分配
i-0992,命令，指挥
i-0993,占据，居住
i-0994,使恼火，使受挫
i-0995,缓解，使安心
i-0996,凝视，同事
i-0997,使高兴，喜悦
i-0998,提高，增加
i-0999,构成，作曲
i-1000,接受，拥抱
i-1001,热情，热忱
i-1002,方式，模式
i-1003,期间，范围
i-1004,重力，严重性
i-1005,灵魂，精神
i-1006,神经，胆量
i-1007,感染
i-1008,本能
i-1009,障碍，阻碍
i-1010,建筑，结构
i-1011,干旱
i-1012,为了
i-1013,手工的，使用说明书
i-1014,机械的，机械式的
i-1015,成熟的，成年的
i-1016,同样地
i-1017,起诉
i-1018,凝视，目光
i-1019,压倒，击垮
i-1020,代替，替代品
i-1021,引发，扳机
i-1022,干涉，妨碍
i-1023,预料，预期
i-1024,分类
i-1025,安装，骑上
i-1026,超过
i-1027,面对，迎战
i-1028,履行，满足
i-1029,工厂，磨坊
i-1030,悲剧
i-1031,过敏
i-1032,人们，民俗的
i-1033,车费，费用
i-1034,骨骼，骨架
i-1035,行人
i-1036,比率，比例
i-1037,抱负，野心
i-1038,立即的，促使
i-1039,相互的
i-1040,中立的
i-1041,流利的
i-1042,外部的，对外的
i-1043,无关的
i-1044,紧急的
i-1045,谈判，协商
i-1046,预测，预报
i-1047,排除
i-1048,忽略，宽容
i-1049,强调，使突出
i-1050,使分心
i-1051,记录，登录
i-1052,使惊讶
i-1053,混合，融合
i-1054,奉献，专心致力于
i-1055,配备，装备
i-1056,惩罚，罚款
i-1057,营养
i-1058,国籍
i-1059,诊所
i-1060,指纹
i-1061,恐慌，经济恐慌
i-1062,布料，织物
i-1063,有效的，合理的
i-1064,适度的，温和的
i-1065,巨大的，惊人的
i-1066,怀孕的
i-1067,过滤，滤除
i-1068,打赌，断言
i-1069,指控，谴责
i-1070,消失，不见踪影
i-1071,通勤，通学
i-1072,推迟，延期
i-1073,继承，承袭
i-1074,信号，提示
i-1075,人类
i-1076,纤维，膳食纤维
i-1077,明智的，有判断力的
i-1078,模糊的，含糊的
i-1079,季节的，季节性的
i-1080,荒谬的，可笑的
i-1081,剪下，夹子
i-1082,撒开，散开
i-1083,使恼火，刺激
i-1084,侮辱，侮辱行为
i-1085,排出，排水口
i-1086,漂流，随流漂移
i-1087,修改，修订
i-1088,房间，议事厅
i-1089,兽群
i-1090,遗憾的事，同情
i-1091,训练，钻头
i-1092,纪念碑
i-1093,直率的，易懂的
i-1094,透明的，明显的
i-1095,陡峭的，急剧的
i-1096,进行中的，持续中的
i-1097,开花，花开
i-1098,使恐惧
i-1099,欺骗
i-1100,挨饿，使挨饿
i-1101,使吃惊
i-1102,恶化，变得更糟
i-1103,混乱，混沌
i-1104,恐怖，厌恶
i-1105,签名
i-1106,过道，通道
i-1107,命运
i-1108,杰出的，显著的
i-1109,值得的，有意义的
i-1110,很可能的
i-1111,逐渐的，阶段性的
i-1112,鲜明的，生动的
i-1113,开花，盛开
i-1114,出发，离开
i-1115,塞满，突击学习
i-1116,发光，发热
i-1117,倾倒，丢弃
i-1118,药片
i-1119,接待处，反应
i-1120,乳制品，乳制品区
i-1121,姿势
i-1122,葬礼
i-1123,早餐麦片，谷物
i-1124,部分，补丁
i-1125,垃圾，无聊的东西
i-1126,迷宫
i-1127,盟国，盟友
i-1128,刀刃，叶片
i-1129,便宜货，特价商品
i-1130,裸体的
i-1131,真诚的，诚恳的
i-1132,昏暗的，模糊的
i-1133,重新获得，取回
i-1134,挤入，挤压
i-1135,溺水，使溺水
i-1136,浸，稍微下降
i-1137,浸泡，使湿透
i-1138,搅拌，激起
i-1139,羡慕，嫉妒
i-1140,领域，范围
i-1141,盾牌，保护
i-1142,肉，皮肤
i-1143,四肢，树枝
i-1144,报复，复仇
i-1145,嫉妒的，警惕的
i-1146,啪地折断，啪地作响
i-1147,擦掉，删除
i-1148,弹跳，反弹
i-1149,桶，枪管
i-1150,线，思路
i-1151,摊位，失速
i-1152,战士
i-1153,堆叠，一堆
i-1154,低声说，嘀咕
i-1155,嘲笑，取笑
i-1156,弄脏，污渍
i-1157,吼叫，咆哮
i-1158,拿来，取来
i-1159,肝脏
i-1160,咒骂，发誓
i-1161,慈悲，怜悯
i-1162,大部分，体积
i-1163,重逢，再会
i-1164,贪婪，贪欲
i-1165,手感，质感
i-1166,认真的，热心的
i-1167,潮湿的
i-1168,相反地，反过来
i-1169,适用的，适合的
i-1170,全面的，综合的
i-1171,伦理的，道德的
i-1172,可信的，有说服力的
i-1173,约束，限制
i-1174,框架，骨架
i-1175,机制，构造
i-1176,确定性，确信
i-1177,清晰，明确
i-1178,构成，成分
i-1179,可信度，可靠性
i-1180,参与，介入
i-1181,指定，明确说明
i-1182,指示，教导
i-1183,反对，物体
i-1184,媒介，手段
i-1185,例子，情况
i-1186,新颖的，小说
i-1187,普遍的，万能的
i-1188,而，然而
i-1189,打动，击打
i-1190,进化，发展
i-1191,保存，保护
i-1192,原则，原理
i-1193,情况，情形
i-1194,机构，制度
i-1195,视角，看法
i-1196,生物学的，生物的
i-1197,尽管如此
i-1198,感知，察觉
i-1199,区分，辨别
i-1200,暗示，含蓄表示
i-1201,排名，名次
i-1202,使暴露，揭露
i-1203,想法，概念
i-1204,哲学
i-1205,物质，实质
i-1206,现代的，同时代的
i-1207,相反的，逆向的
i-1208,优秀的，上司
i-1209,虚拟的，事实上存在的
i-1210,制造，生产
i-1211,洞察力，见识
i-1212,创新
i-1213,刻板印象，类型
i-1214,障碍，混乱
i-1215,医生
i-1216,殖民地，聚居地
i-1217,传统的，惯常的
i-1218,抽象的，摘要
i-1219,民族的，种族的
i-1220,异质的，外国人
i-1221,繁殖，品种
i-1222,监视，监视器
i-1223,去除，排除
i-1224,连续，顺序
i-1225,疗法，治疗
i-1226,保护，保存
i-1227,捕食动物，掠夺者
i-1228,偏向，偏见
i-1229,专利，取得专利
i-1230,组成部分，零部件
i-1231,言语的，口头的
i-1232,主要的，校长
i-1233,同等的，相当于
i-1234,理性的，合理的
i-1235,绝对的，完全的
i-1236,仅仅的
i-1237,支配，压倒
i-1238,使孤立，隔离
i-1239,专门从事，专修
i-1240,归因于，属性
i-1241,忽视，疏于
i-1242,改革，改良
i-1243,维持，使持续
i-1244,读写能力，识字能力
i-1245,避难所，安全之地
i-1246,不平等，差距
i-1247,自由主义的，宽容的
i-1248,联邦的
i-1249,原始的，未开化的
i-1250,不情愿的，勉强的
i-1251,提出，造成
i-1252,产生，让步
i-1253,显示，展示
i-1254,突然出现，爆开
i-1255,源自，提取
i-1256,转变，使改宗
i-1257,一致，通信
i-1258,施加，强加
i-1259,禁止
i-1260,修改，变更
i-1261,使具备资格，符合条件
i-1262,轨道，绕轨道运行
i-1263,动机，激励
i-1264,希望，前景
i-1265,错觉，幻想
i-1266,歧视，辨别
i-1267,仪式，惯常行为
i-1268,县，府
i-1269,行政，管理
i-1270,课程体系，课程
i-1271,北极的
i-1272,终极的，最终的
i-1273,有免疫力的，不受影响的
i-1274,集体的，共同的
i-1275,不可避免的
i-1276,保持，记住
i-1277,复制，繁殖
i-1278,耕作，培养
i-1279,使正当化，证明合理
i-1280,管制，调节
i-1281,经历，接受
i-1282,特权，优待
i-1283,形成，编成
i-1284,感觉，轰动
i-1285,委员会，面板
i-1286,劳动力，劳动人口
i-1287,滥用，虐待
i-1288,恶习，副职
i-1289,设想，脚本
i-1290,疫苗
i-1291,比喻
i-1292,过渡，变化
i-1293,银河系
i-1294,矿物，矿物质
i-1295,兄弟姐妹
i-1296,著名的，显眼的
i-1297,磁性的，有吸引力的
i-1298,极地的，截然相反的
i-1299,被动的，消极的
i-1300,易受伤害的，脆弱的
i-1301,精神的，灵性的
i-1302,减少，使减少
i-1303,引用，援引
i-1304,提出异议，争议
i-1305,培养，培育
i-1306,剥夺，不给予
i-1307,统治，支配
i-1308,传送，传达
i-1309,使兴奋，使激动
i-1310,使复杂化
i-1311,持续，坚持
i-1312,前提
i-1313,痛苦，苦恼
i-1314,远征，探险
i-1315,青少年，青年
i-1316,伦理，道德
i-1317,能力，学院
i-1318,计划，计谋
i-1319,粒子，微量
i-1320,民意调查，投票
i-1321,疲劳，疲倦
i-1322,两难处境，困境
i-1323,队列，等候队伍
i-1324,故事，叙述
i-1325,荒野
i-1326,美德，优点
i-1327,活跃的，强有力的
i-1328,口头的，口腔的
i-1329,随后的，随后发生的
i-1330,冷漠的，无所谓的
i-1331,较差的，下级的
i-1332,肥胖的
i-1333,神圣的
i-1334,对，对抗
i-1335,捆绑，连接
i-1336,加强，加固
i-1337,积累，收集
i-1338,解雇，驳回
i-1339,隐藏，隐瞒
i-1340,密封，封印
i-1341,移居，迁移
i-1342,夸大，夸张
i-1343,使误解，欺骗
i-1344,使厌恶，厌恶
i-1345,停止，终止
i-1346,妥协，折中
i-1347,选择，选举
i-1348,取出，提取
i-1349,共情
i-1350,企业，事业
i-1351,产量，输出
i-1352,议会
i-1353,穆斯林
i-1354,财产，不动产
i-1355,零售，零售的
i-1356,省，州
i-1357,珊瑚礁
i-1358,过量，超出
i-1359,猎物
i-1360,经济衰退
i-1361,撤退，后退
i-1362,情节，阴谋
i-1363,雕塑
i-1364,密集的，密度高的
i-1365,异国风情的，外来的
i-1366,酸，酸性的
i-1367,高贵的，贵族
i-1368,平行的，类似的
i-1369,垂直的，纵向的
i-1370,丰富的
i-1371,杂交的，混合型的
i-1372,无关的
i-1373,推测，推断
i-1374,冒险尝试，事业
i-1375,加速，促进
i-1376,繁荣，发展良好
i-1377,培养，培育
i-1378,投，角色分配
i-1379,诱惑，使想做
i-1380,取出，撤退
i-1381,招募，录用
i-1382,揭露，查明
i-1383,执行，实施
i-1384,冲动
i-1385,养老金
i-1386,性情，脾气
i-1387,神职人员，司祭
i-1388,熟人，相识
i-1389,子女，后代
i-1390,饥荒
i-1391,收件人，领取者
i-1392,战斗，作战
i-1393,一部分，少量
i-1394,索引，指数
i-1395,直觉
i-1396,动机
i-1397,同意，许可
i-1398,资产，财产
i-1399,有能力的，胜任的
i-1400,细腻的，脆弱的
i-1401,室内的，内部的
i-1402,谦虚的，低调的
i-1403,壮丽的，精彩的
i-1404,保证，断言
i-1405,使复苏，恢复
i-1406,逃跑，逃亡
i-1407,存入，存款
i-1408,描绘，表现
i-1409,概述，概要
i-1410,更新，重新开始
i-1411,主张，断言
i-1412,使承受压力，紧张
i-1413,努力，奋力从事
i-1414,自夸，夸耀
i-1415,冒犯，使生气
i-1416,集合，组装
i-1417,下降，下去
i-1418,探求，探索之旅
i-1419,主流
i-1420,军队，部队
i-1421,发生，爆发
i-1422,聚集，群体
i-1423,花粉
i-1424,蜂巢
i-1425,一剂，剂量
i-1426,自杀
i-1427,盛宴，大餐
i-1428,菜肴，烹饪法
i-1429,谚语
i-1430,方式，公式
i-1431,学费
i-1432,肾脏
i-1433,深切悲痛，悲伤
i-1434,头骨
i-1435,坟墓
i-1436,僧侣，修道士
i-1437,崇拜，礼拜
i-1438,易碎的，脆弱的
i-1439,声音的，发声的
i-1440,稀少的，罕见的
i-1441,值得注意的，著名的
i-1442,使清爽，使恢复精神
i-1443,理解
i-1444,群聚，群
i-1445,明确，澄清
i-1446,引发，火花
i-1447,抓住，夺取
i-1448,急剧上升，飞升
i-1449,使乔装，伪装
i-1450,去除，剥去
i-1451,织，编织
i-1452,实习，实务培训
i-1453,直销店，发泄口
i-1454,治疗方法，补救措施
i-1455,关怀，同情
i-1456,咒骂，诅咒
i-1457,百科全书
i-1458,碎片，片段
i-1459,前景，看法
i-1460,胜利，成功
i-1461,观众
i-1462,代表，为了
i-1463,间隔，间歇
i-1464,盗窃
i-1465,碰撞
i-1466,地标，标志性事件
i-1467,彻底的，细致的
i-1468,驯服，温顺的
i-1469,有残障的
i-1470,替代的，交替的
i-1471,部分的，偏颇的
i-1472,激烈的，凶猛的
i-1473,唯一的，脚底
i-1474,忠诚的，忠实的
i-1475,登记，入学
i-1476,停止，使停止
i-1477,侵入，侵略
i-1478,操纵，引导
i-1479,重新开始，简历
i-1480,任命，指定
i-1481,膨胀，肿胀
i-1482,坦白，承认
i-1483,辞职，无奈接受
i-1484,展开，逐渐显露
i-1485,通货膨胀，物价上涨
i-1486,冲突，对立
i-1487,页边空白，差距
i-1488,子弹
i-1489,绝望，感到绝望
i-1490,托儿所，苗圃
i-1491,配偶
i-1492,木乃伊，妈妈
i-1493,气味
i-1494,潮汐，潮流
i-1495,胡说，荒唐话
i-1496,偶然的，因过失造成的
i-1497,不安的，心神不宁的
i-1498,迅速的，快速的
i-1499,合作，协同工作
i-1500,插入
i-1501,超过，追上
i-1502,雕刻，切分
i-1503,迷路，走散
i-1504,落后，延迟
i-1505,紧抓，粘住
i-1506,磨碎，研磨
i-1507,编织，连接
i-1508,泄漏，泄露
i-1509,粉碎，砸毁
i-1510,皱眉，愁眉苦脸
i-1511,草案，初稿
i-1512,内阁，橱柜
i-1513,算术，计算
i-1514,遗产，传统
i-1515,暴怒，愤怒
i-1516,悲伤，悲痛
i-1517,水分，湿气
i-1518,高度
i-1519,范围，余地
i-1520,中间的，中级的
i-1521,阴郁的，昏暗的
i-1522,微弱的，昏厥
i-1523,确认，验证
i-1524,旋转，循环
i-1525,使模糊，变模糊
i-1526,重叠，重复
i-1527,投降，交出
i-1528,绊倒，踉跄
i-1529,等待
i-1530,检查，检验
i-1531,危险，危险因素
i-1532,反叛者，反抗
i-1533,商品，货物
i-1534,监督者，指导教师
i-1535,职员，员工
i-1536,持续时间，延续期
i-1537,证书
i-1538,传记
i-1539,故障，崩溃
i-1540,有资格的，符合条件的
i-1541,勤奋的
i-1542,固执的，倔强的
i-1543,成熟的，熟透的
i-1544,硬的，僵硬的
i-1545,空着的，空缺的
i-1546,准时的
i-1547,合并，整合
i-1548,流血，出血
i-1549,浏览，随便看看
i-1550,拍动，拍打作响
i-1551,流域，盆地
i-1552,侵蚀
i-1553,拥堵，充血
i-1554,补充，补足
i-1555,模具，霉菌
i-1556,贿赂，行贿
i-1557,骚扰，侵扰
i-1558,胆小的，怯懦的
i-1559,传染性的，易传染的
i-1560,疲惫不堪的，厌倦的
i-1561,麻木的，无感觉的
i-1562,由此，因此
i-1563,类似的，相似的
i-1564,可行的，能够成立的
i-1565,实体，存在
i-1566,正直，完整性
i-1567,估计，估价
i-1568,区分，使差异化
i-1569,制定，构思
i-1570,修改，修订
i-1571,省略，遗漏
i-1572,最大化
i-1573,最小化
i-1574,波动
i-1575,设计，想出
i-1576,协议，协调
i-1577,认知的
i-1578,现象
i-1579,规范，标准
i-1580,语言的，语言学的
i-1581,不管，不论
i-1582,假设
i-1583,高级的，精致的
i-1584,向前，往前
i-1585,灵长类动物
i-1586,相关关系
i-1587,微妙的，细微的
i-1588,去除
i-1589,小行星
i-1590,深刻的，重大的
i-1591,上下移动
i-1592,构成……的基础，存在于……的根本
i-1593,方面，维度
i-1594,对应的人或事物，对方
i-1595,中风，打击
i-1596,生态学
i-1597,激进的，根本的
i-1598,尽管如此
i-1599,基础设施，基础设备
i-1600,陪审团
i-1601,分子
i-1602,杀虫剂，农药
i-1603,喜好，突发奇想
i-1604,精心的，复杂精致的
i-1605,亲密的，私人的
i-1606,中世纪的
i-1607,同时
i-1608,使适应，确定方向
i-1609,求助于，手段
i-1610,主张，提倡
i-1611,构成，组成
i-1612,承担，着手
i-1613,使恶化，化合物
i-1614,养育，后面的
i-1615,千纪，一千年
i-1616,地雷
i-1617,争论，争议
i-1618,共识，一致意见
i-1619,补充，补足
i-1620,微生物
i-1621,本科生
i-1622,奴隶制度
i-1623,感觉的，感官的
i-1624,慢性的
i-1625,自愿的，任意的
i-1626,有……倾向的，愿意的
i-1627,尊敬，敬重
i-1628,使习惯
i-1629,繁荣，兴旺
i-1630,执行，实施
i-1631,使停学，暂停
i-1632,利用，剥削
i-1633,整合，融合
i-1634,纳入，吸收
i-1635,实用性，公用事业
i-1636,流体，流动的
i-1637,商品
i-1638,无能力，不能
i-1639,共和国
i-1640,残骸，碎片
i-1641,病菌，虫子
i-1642,层级，等级制度
i-1643,化妆的，美容的
i-1644,慎重的，故意的
i-1645,有毒的，有害的
i-1646,特有的，奇怪的
i-1647,琐碎的，微不足道的
i-1648,先于，发生在……之前
i-1649,强迫，迫使
i-1650,侵犯，违反
i-1651,限制，禁闭
i-1652,延长，使拖长
i-1653,脱去，流出
i-1654,发出，排放
i-1655,利用，运用
i-1656,计算，算出
i-1657,补偿，弥补
i-1658,盛行，普及
i-1659,尊严
i-1660,议会
i-1661,议程，议题
i-1662,流行，流行病
i-1663,摄入量，吸收
i-1664,光谱，范围
i-1665,无限的
i-1666,义务的，强制的
i-1667,含糊的，模棱两可的
i-1668,默默无闻的，难懂的
i-1669,怀疑的
i-1670,静态的，静止的
i-1671,敌对的，有敌意的
i-1672,总计的，严重的
i-1673,征服，克服
i-1674,引起，诱发
i-1675,达到，实现
i-1676,取回，检索
i-1677,描绘，扮演
i-1678,指定，任命
i-1679,矛盾，反驳
i-1680,扰乱，妨碍
i-1681,航行，引导
i-1682,居住，栖息
i-1683,诊断
i-1684,使有义务，帮助
i-1685,低估，小看
i-1686,使变形，歪曲
i-1687,废除
i-1688,处理，安置
i-1689,改进，精炼
i-1690,使丰富，使充实
i-1691,协调，使协作
i-1692,交易
i-1693,人口普查
i-1694,重大突破，飞跃性进展
i-1695,领域，球体
i-1696,循环，流通
i-1697,真空，吸尘器
i-1698,财政收入，收入
i-1699,条约
i-1700,最高的
i-1701,不充分的，不足的
i-1702,剧烈的，严重的
i-1703,金钱的，货币的
i-1704,彻底的，根本性的
i-1705,赐福，祝福
i-1706,遵从，适应
i-1707,引起，挑衅
i-1708,消化，理解
i-1709,说出，发出
i-1710,容纳，应对
i-1711,使安心，再次保证
i-1712,超过，胜过
i-1713,腐烂，衰退
i-1714,忍受，容许
i-1715,溶解，解散
i-1716,唤醒，唤起
i-1717,利害关系，赌注
i-1718,剩余，盈余
i-1719,社会学
i-1720,前沿，最前沿
i-1721,辐射，放射性
i-1722,问卷
i-1723,智力，理解力
i-1724,款待，热情招待
i-1725,图书管理员
i-1726,卫生
i-1727,真正的，正宗的
i-1728,巨大的，庞大的
i-1729,荒谬的，不可能的
i-1730,女性化的，女性的
i-1731,空心的，空虚的
i-1732,粗略的，粗野的
i-1733,悲观的
i-1734,徒劳的，自负的
i-1735,可食用的，食用的
i-1736,优秀，擅长
i-1737,繁荣，成功
i-1738,蜂拥而至，激增
i-1739,介入，调停
i-1740,成瘾者，使上瘾
i-1741,谴责，判有罪
i-1742,命令，使听写
i-1743,漫步，流浪
i-1744,附上，围住
i-1745,执行，处决
i-1746,一致，同时发生
i-1747,询问，查询
i-1748,背叛，泄露
i-1749,交谈，相反的
i-1750,背诵，朗读
i-1751,发誓，承诺
i-1752,立志，渴望
i-1753,商业，贸易
i-1754,木材
i-1755,衣服，服装
i-1756,政府部门，办事处
i-1757,损失，使用费
i-1758,迷信
i-1759,一瞥，瞥见
i-1760,档案文件，公文档案
i-1761,行政区，病房
i-1762,讽刺
i-1763,天文学
i-1764,肿瘤
i-1765,缺陷，缺点
i-1766,感情，情绪
i-1767,男性化的，男性的
i-1768,僵硬的，严格的
i-1769,字面的，逐字的
i-1770,匿名的
i-1771,古董的，古老的
i-1772,永恒的
i-1773,热的，热能的
i-1774,天真的，不谙世事的
i-1775,傲慢的，蛮横的
i-1776,照亮，阐明
i-1777,安慰，控制台
i-1778,妨碍，阻碍
i-1779,喷发，突然爆发
i-1780,猛冲，暴跌
i-1781,安抚，缓和
i-1782,脸红，猛冲洗
i-1783,缠绕心头，出没
i-1784,转移，使绕行
i-1785,统一，整合
i-1786,战术，对策
i-1787,类推，相似
i-1788,良心
i-1789,织物，纺织品
i-1790,瘟疫，困扰
i-1791,供给网络，网格
i-1792,马车，车辆
i-1793,摩擦，不和
i-1794,垄断，垄断权
i-1795,前任
i-1796,船，血管
i-1797,几何学
i-1798,左右对称，对称性
i-1799,杰作
i-1800,韵，押韵诗
i-1801,礼貌，客气
i-1802,破产的
i-1803,严厉的，严峻的
i-1804,肥沃的，多产的
i-1805,大约的，大约
i-1806,可兼容的，相容的
i-1807,充足的，丰富的
i-1808,推断，推导出
i-1809,袭击，暴行
i-1810,折磨，酷刑
i-1811,珍爱，珍藏于心
i-1812,引起，唤醒
i-1813,非常害怕，恐惧
i-1814,滋养，培育
i-1815,注入，注射
i-1816,到期，死亡
i-1817,大使馆
i-1818,避难所，避难
i-1819,纬度，自由度
i-1820,修辞，华丽辞藻
i-1821,污水，下水
i-1822,补助金
i-1823,住房贷款，抵押
i-1824,律师
i-1825,轻蔑
i-1826,易于……的，负有责任的
i-1827,突然的，意外的
i-1828,鲁莽的，不顾后果的
i-1829,臭名昭著的
i-1830,致命的，终有一死的
i-1831,相互关联，相关
i-1832,创新，革新
i-1833,部署，展开
i-1834,赋予力量，授权
i-1835,结婚
i-1836,神经元，神经细胞
i-1837,抗生素
i-1838,痴呆症
i-1839,糖尿病
i-1840,土著的，原产的
i-1841,原住民的，澳大利亚原住民的
i-1842,皮层，大脑皮层
i-1843,综合征
i-1844,森林砍伐
i-1845,审美的，美学的
i-1846,人口统计的
i-1847,史前的，有文字记载以前的
i-1848,天生的，先天的
i-1849,抑制，压制
i-1850,操纵，篡改
i-1851,构成，由……组成
i-1852,标准
i-1853,悖论，矛盾
i-1854,法律，立法
i-1855,灌溉
i-1856,前所未有的
i-1857,不可缺少的
i-1858,帝国的，皇帝的
i-1859,表面的，肤浅的
i-1860,固有的，天生的
i-1861,逐渐损害，削弱
i-1862,突变
i-1863,郡
i-1864,大都市的，首都圈的
i-1865,神的，神圣的
i-1866,自然发生的，自发的
i-1867,空间的
i-1868,赋予权利，命名
i-1869,克制，忍住
i-1870,居住，使有人居住
i-1871,移植，移植手术
i-1872,推测，投机
i-1873,引起兴趣，阴谋
i-1874,污染，弄脏
i-1875,想出，想象
i-1876,企业家，创业者
i-1877,意识形态，思想体系
i-1878,领域，范围
i-1879,算法
i-1880,大草原
i-1881,安慰剂，假药
i-1882,手稿，原稿
i-1883,着迷，强迫观念
i-1884,合法的，合理的
i-1885,完全的，极大的
i-1886,明确的，直率的
i-1887,容易……的
i-1888,富裕的
i-1889,施加，行使
i-1890,判有罪，服刑人员
i-1891,开处方，规定
i-1892,抑制，妨碍
i-1893,无规则地扩展，懒散地坐着
i-1894,无视，轻视
i-1895,唤起，引发
i-1896,优雅，恩惠
i-1897,自治，自主
i-1898,讨论，谈话
i-1899,术语表，术语词典
i-1900,人类学
i-1901,精神科医生
i-1902,探测器，探针
i-1903,公共卫生，卫生设施
i-1904,长寿，寿命
i-1905,貌似合理的，可能的
i-1906,精力充沛的，活跃的
i-1907,不利的，有害的
i-1908,合乎逻辑的，连贯的
i-1909,下级的，下属
i-1910,易于……的，适当的
i-1911,外向的人
i-1912,显眼的，显著的
i-1913,完好无损的，未受损的
i-1914,体现，具体表现
i-1915,公布，披露
i-1916,迫使，限制
i-1917,承受，抵挡
i-1918,嵌入，植入
i-1919,取代，使移位
i-1920,避开
i-1921,损害，使恶化
i-1922,认为，推定
i-1923,主张，争斗
i-1924,壮举，功绩
i-1925,声望，威望
i-1926,赤字，不足
i-1927,新陈代谢
i-1928,瘫痪，麻痹
i-1929,政权，体制
i-1930,主食，必需品
i-1931,小贩，销售商
i-1932,保险费，附加费
i-1933,议定书，规程
i-1934,标本，实例
i-1935,论文，命题
i-1936,职业的，职业培训的
i-1937,母亲的，慈母般的
i-1938,过时的，淘汰的
i-1939,声学的，听觉的
i-1940,初步的，预备的
i-1941,含蓄的，暗示的
i-1942,广泛存在的，蔓延的
i-1943,模拟实验，模仿
i-1944,渗透，穿透
i-1945,提供所需，满足需求
i-1946,建造，使直立
i-1947,注定，毁灭
i-1948,哀悼，悲叹
i-1949,出价，投标
i-1950,使腐败，收买
i-1951,编辑，汇编
i-1952,分配，配给
i-1953,抵消，弥补
i-1954,抑制，制止
i-1955,遵从，依从
i-1956,登上，着手
i-1957,配备，提供
i-1958,伪造，锻造
i-1959,强行推入，刺入
i-1960,派遣，发送
i-1961,愤恨，生气
i-1962,声称，提出指控
i-1963,压迫，迫害
i-1964,驱逐，赶出
i-1965,上升，登上
i-1966,开始，着手
i-1967,统治，统治时期
i-1968,外交
i-1969,流亡，放逐
i-1970,孤独，独处
i-1971,考古学
i-1972,合成，综合
i-1973,教义，主义
i-1974,整体的，全面的
i-1975,雄辩的，富有表现力的
i-1976,青少年的，幼稚的
i-1977,冷嘲的，讥讽的
i-1978,单调的，千篇一律的
i-1979,永久的，持续不断的
i-1980,尽管
i-1981,制定，施行
i-1982,血汗工厂
i-1983,框架，典范
i-1984,经验的，实证的
i-1985,易受影响的，易感染的
i-1986,深思，仔细考虑
i-1987,启发，启蒙
i-1988,任意的，武断的
i-1989,使成为……状态，给予
i-1990,伴随，导致
i-1991,固有的，本质的
i-1992,使全神贯注，使着迷
i-1993,使和解，使一致
i-1994,到来，出现
i-1995,困境，窘境
i-1996,错误观念，谬误
i-1997,可理解的，清楚的
i-1998,热心的，热烈的
i-1999,无处不在的，普遍存在的
i-2000,韵文，诗
