illustration_id,en,ja
i-0001,difference,違い、差
i-0002,create,創造する、作り出す
i-0003,increase,増える、増やす
i-0004,improve,改善する、向上させる
i-0005,mean,意味する、表す
i-0006,own,所有する、自分のものとして持つ
i-0007,include,含む、含める
i-0008,decide,決定する
i-0009,share,共有する、分け合う
i-0010,idea,考え、発想
i-0011,company,会社、企業
i-0012,reason,理由、根拠
i-0013,repeat,繰り返す、反復する
i-0014,hate,嫌う、憎む
i-0015,although,だけれども、とはいえ
i-0016,normal,普通の、通常の
i-0017,amount,量、金額
i-0018,cost,費用、代償
i-0019,error,誤り、間違い
i-0020,goal,目標、目的
i-0021,period,期間、時代
i-0022,condition,状態、条件
i-0023,develop,発展させる、開発する
i-0024,discover,発見する
i-0025,introduce,紹介する、導入する
i-0026,provide,提供する、供給する
i-0027,support,支援する
i-0028,consider,考える、検討する
i-0029,allow,許す、認める
i-0030,produce,生産する、作り出す
i-0031,offer,申し出る、提供する
i-0032,store,保管する、蓄える
i-0033,describe,説明する、描写する
i-0034,reduce,減らす、小さくする
i-0035,avoid,避ける、回避する
i-0036,realize,気づく、実現する
i-0037,compare,比べる、比較する
i-0038,exist,存在する、実在する
i-0039,mark,印をつける、示す
i-0040,complete,完成させる、やり遂げる
i-0041,interest,関心、興味
i-0042,research,研究、調査
i-0043,cause,原因、要因
i-0044,effect,影響、効果
i-0045,situation,状況、事態
i-0046,environment,環境、周囲の状況
i-0047,skill,技能、スキル
i-0048,matter,事柄、重要である
i-0049,view,見方、意見
i-0050,value,価値、有用性
i-0051,thought,考え、思考
i-0052,knowledge,知識、知見
i-0053,memory,記憶、思い出
i-0054,article,記事、品目
i-0055,subject,主題、科目
i-0056,project,計画、企画
i-0057,role,役割、役目
i-0058,community,共同体、地域社会
i-0059,culture,文化、教養
i-0060,possible,可能な、あり得る
i-0061,common,一般的な、共通の
i-0062,similar,似た、類似の
i-0063,various,さまざまな、多様な
i-0064,blank,空白の
i-0065,correct,正しい、訂正する
i-0066,notice,気づく、通知
i-0067,approach,近づく、取り組み方
i-0068,wonder,不思議に思う、気になる
i-0069,imagine,想像する、思い描く
i-0070,recognize,認識する、見分ける
i-0071,draw,描く、引き出す
i-0072,spread,広げる、蔓延する
i-0073,prepare,準備する
i-0074,gain,得る、増える
i-0075,prefer,の方をより好む
i-0076,mention,言及する、触れる
i-0077,contain,含む、収容する
i-0078,contact,連絡する、接触する
i-0079,respect,尊敬する、尊重する
i-0080,search,探す、検索する
i-0081,connect,つなぐ、関係づける
i-0082,model,手本、模型
i-0083,image,画像、印象
i-0084,character,性格、登場人物
i-0085,phrase,言い回し、語句
i-0086,region,地域、地方
i-0087,detail,詳細、細部
i-0088,item,項目、品物
i-0089,positive,前向きな、肯定的な
i-0090,negative,否定的な、消極的な
i-0091,current,現在の、最新の
i-0092,active,活動的な、積極的な
i-0093,necessary,必要な、不可欠な
i-0094,attend,出席する、参加する
i-0095,earn,稼ぐ、得る
i-0096,feed,餌を与える、養う
i-0097,match,合う、一致する
i-0098,hide,隠す、隠れる
i-0099,remove,取り除く、外す
i-0100,relax,くつろぐ、緊張を解く
i-0101,fashion,流行、ファッション
i-0102,pain,痛み、苦痛
i-0103,bill,請求書、法案
i-0104,content,内容、満足して
i-0105,audience,聴衆、観客
i-0106,surface,表面、水面
i-0107,topic,話題、主題
i-0108,option,選択肢、選択の自由
i-0109,entire,全体の、完全な
i-0110,obvious,明白な、はっきりした
i-0111,ordinary,普通の、平凡な
i-0112,previous,以前の、前の
i-0113,trust,信用する、信頼
i-0114,divide,分ける、分割する
i-0115,refuse,断る、拒否する
i-0116,flow,流れる、流れ
i-0117,web,ウェブ、クモの巣
i-0118,accurate,正確な、的確な
i-0119,convenient,便利な、都合のよい
i-0120,bite,かむ、かみつく
i-0121,spell,つづる、呪文
i-0122,breathe,呼吸する、息をする
i-0123,tip,コツ、助言
i-0124,stuff,もの、詰め込む
i-0125,narrow,狭い、限定的な
i-0126,freeze,凍る、凍らせる
i-0127,beat,打つ、打ち負かす
i-0128,rush,急ぐ、殺到する
i-0129,hang,掛ける、ぶら下がる
i-0130,celebrate,祝う、記念する
i-0131,fee,料金、手数料
i-0132,mood,気分、雰囲気
i-0133,quit,やめる、立ち去る
i-0134,trick,いたずら、手品
i-0135,melt,溶ける、溶かす
i-0136,lend,貸す
i-0137,scare,怖がらせる、脅かす
i-0138,row,列、口論
i-0139,greet,あいさつする、迎える
i-0140,mall,ショッピングモール
i-0141,recipe,レシピ、秘訣
i-0142,pour,注ぐ、降り注ぐ
i-0143,grab,つかむ、奪う
i-0144,fold,折りたたむ、折り目
i-0145,awful,ひどい、恐ろしい
i-0146,nod,うなずく、会釈する
i-0147,wipe,拭く
i-0148,click,クリックする、カチッという音
i-0149,therefore,したがって、それゆえ
i-0150,thus,このように、したがって
i-0151,formal,正式な、形式的な
i-0152,professional,専門的な、職業の
i-0153,realistic,現実的な
i-0154,rapid,急速な、素早い
i-0155,unique,独特の、唯一の
i-0156,effective,効果的な、有効な
i-0157,factor,要因、要素
i-0158,pattern,型、模様
i-0159,process,過程、工程
i-0160,risk,危険、危険性
i-0161,schedule,日程、予定
i-0162,standard,基準、標準
i-0163,addition,追加、加算
i-0164,climate,気候、風土
i-0165,consumer,消費者
i-0166,discussion,議論、話し合い
i-0167,protect,守る、保護する
i-0168,suggest,示唆する、提案する
i-0169,require,必要とする、要求する
i-0170,concern,懸念、関心
i-0171,involve,含む、伴う
i-0172,design,設計する、デザインする
i-0173,force,強制する、力
i-0174,limit,制限する、限界
i-0175,affect,影響する
i-0176,deal,対処する、取引
i-0177,relate,関連する、結びつく
i-0178,encourage,促す、励ます
i-0179,measure,測る、対策
i-0180,depend,依存する、頼る
i-0181,demand,要求する、需要
i-0182,influence,影響、影響力
i-0183,practice,練習、実践
i-0184,benefit,利益、利点
i-0185,issue,問題、課題
i-0186,experiment,実験
i-0187,focus,焦点、集中する
i-0188,quality,品質、質
i-0189,term,用語、期間
i-0190,material,材料、素材
i-0191,source,源、出所
i-0192,technology,技術、テクノロジー
i-0193,public,公の、公共の
i-0194,certain,確かな、特定の
i-0195,recent,最近の、近頃の
i-0196,major,主要な、専攻
i-0197,patient,患者、我慢強い
i-0198,particular,特定の、特別な
i-0199,available,利用できる、入手できる
i-0200,native,母国の、原産の
i-0201,ancient,古代の
i-0202,refer,言及する、参照する
i-0203,solve,解決する、解く
i-0204,occur,起こる、生じる
i-0205,express,表現する、述べる
i-0206,waste,無駄にする、浪費する
i-0207,achieve,達成する、成し遂げる
i-0208,supply,供給する、支給する
i-0209,suppose,思う、仮定する
i-0210,treat,扱う、治療する
i-0211,apply,適用する、申し込む
i-0212,prevent,防ぐ、予防する
i-0213,survive,生き残る、生き延びる
i-0214,opportunity,機会、好機
i-0215,task,課題、作業
i-0216,account,口座、説明
i-0217,figure,数字、人物
i-0218,emotion,感情、情緒
i-0219,stress,ストレス、強調する
i-0220,decade,10年間
i-0221,range,範囲、幅
i-0222,advantage,利点、強み
i-0223,damage,損害、損傷
i-0224,method,方法、手法
i-0225,medicine,薬、医学
i-0226,feature,特徴、特集する
i-0227,function,機能、働き
i-0228,income,収入、所得
i-0229,site,場所、現場
i-0230,habit,習慣、癖
i-0231,link,つながり、関連
i-0232,specific,特定の、具体的な
i-0233,official,公式の、公務員
i-0234,aware,気づいている、認識している
i-0235,digital,デジタルの
i-0236,mobile,携帯の、移動式の
i-0237,eventually,最終的に、やがて
i-0238,identify,特定する、確認する
i-0239,represent,表す、代表する
i-0240,indicate,示す、指し示す
i-0241,manage,管理する、何とかやり遂げる
i-0242,replace,取り替える、取って代わる
i-0243,sort,分類する、種類
i-0244,attempt,試みる、試み
i-0245,unite,団結させる、統一する
i-0246,attract,引きつける、魅了する
i-0247,decrease,減る、減少する
i-0248,ignore,無視する、見過ごす
i-0249,exchange,交換する、両替する
i-0250,display,表示する、展示する
i-0251,respond,反応する、応じる
i-0252,succeed,成功する
i-0253,device,装置、機器
i-0254,charge,料金、請求する
i-0255,colleague,同僚
i-0256,section,区分、部門
i-0257,crop,作物
i-0258,reward,報酬、報いる
i-0259,crime,犯罪
i-0260,fuel,燃料
i-0261,balance,均衡、バランス
i-0262,traffic,交通、往来
i-0263,aim,目標、目的
i-0264,track,跡、追跡する
i-0265,progress,進歩、前進
i-0266,ideal,理想的な、理想
i-0267,extra,追加の、余分な
i-0268,familiar,よく知っている、なじみのある
i-0269,equal,等しい、同等の
i-0270,false,誤った、偽の
i-0271,rare,まれな、珍しい
i-0272,actual,実際の、現実の
i-0273,examine,調べる、検査する
i-0274,judge,判断する、裁判官
i-0275,rely,頼る、依存する
i-0276,expand,拡大する、広げる
i-0277,confuse,混乱させる、困らせる
i-0278,select,選ぶ、選び抜く
i-0279,recall,思い出す、回収する
i-0280,destroy,破壊する、壊す
i-0281,organize,整理する、組織する
i-0282,warn,警告する、注意する
i-0283,surround,囲む、取り囲む
i-0284,complain,不満を言う、苦情を言う
i-0285,combine,組み合わせる、結合する
i-0286,extend,延長する、広げる
i-0287,target,目標、的
i-0288,profit,利益、利益を得る
i-0289,manner,作法、やり方
i-0290,vote,投票する、投票
i-0291,sight,光景、視力
i-0292,version,版、型
i-0293,disaster,災害、大惨事
i-0294,lecture,講義、講演
i-0295,court,裁判所、法廷
i-0296,desert,砂漠
i-0297,soil,土壌、土
i-0298,document,文書、書類
i-0299,vocabulary,語彙
i-0300,intelligent,賢い、知的な
i-0301,capable,できる、有能な
i-0302,typical,典型的な、よくある
i-0303,overseas,海外の、海外へ
i-0304,behave,振る舞う、行儀よくする
i-0305,recommend,勧める、推薦する
i-0306,amaze,驚かせる、感嘆させる
i-0307,tear,引き裂く、涙
i-0308,remind,思い出させる、注意させる
i-0309,deliver,配達する、届ける
i-0310,handle,扱う、対処する
i-0311,praise,褒める、賞賛する
i-0312,repair,修理する、修復する
i-0313,comment,意見、論評する
i-0314,religion,宗教
i-0315,neighborhood,近所、地域
i-0316,confidence,自信、確信
i-0317,harm,害、害する
i-0318,victim,被害者、犠牲者
i-0319,conference,会議、学会
i-0320,lawyer,弁護士
i-0321,comfort,快適さ、慰め
i-0322,multiple,複数の、多様な
i-0323,annual,毎年の、年1回の
i-0324,odd,奇妙な、奇数の
i-0325,unknown,未知の、知られていない
i-0326,translate,翻訳する
i-0327,concentrate,集中する、濃縮する
i-0328,request,要請する、要望
i-0329,inform,知らせる、伝える
i-0330,announce,発表する、告知する
i-0331,differ,異なる、違っている
i-0332,regret,後悔する、残念に思う
i-0333,disappoint,がっかりさせる、失望させる
i-0334,blame,責める、非難する
i-0335,recover,回復する、取り戻す
i-0336,arrange,手配する、並べる
i-0337,confirm,確認する、確定する
i-0338,budget,予算、予算を組む
i-0339,loan,貸付、融資
i-0340,duty,義務、任務
i-0341,emergency,緊急事態、非常時
i-0342,fellow,仲間、同僚
i-0343,route,経路、路線
i-0344,routine,日課、決まりごと
i-0345,grain,穀物、粒
i-0346,treasure,宝物、財宝
i-0347,curious,好奇心が強い、奇妙な
i-0348,anxious,不安な、心配している
i-0349,stable,安定した、落ち着いた
i-0350,brief,手短な、簡潔な
i-0351,visible,目に見える
i-0352,unexpected,予想外の、不意の
i-0353,initial,最初の、頭文字
i-0354,exact,正確な、厳密な
i-0355,react,反応する
i-0356,disagree,反対する、意見が合わない
i-0357,stare,じっと見つめる
i-0358,bother,悩ませる、面倒をかける
i-0359,stretch,伸ばす、広がる
i-0360,upset,動揺させる、腹を立てさせる
i-0361,frighten,怖がらせる
i-0362,sum,合計、金額
i-0363,tone,口調、音色
i-0364,award,賞、授与する
i-0365,clue,手がかり
i-0366,frame,枠、額縁
i-0367,shelter,避難所、避難させる
i-0368,trap,わな、閉じ込める
i-0369,discount,割引、値引きする
i-0370,solid,固体の、しっかりした
i-0371,rude,失礼な
i-0372,embarrass,恥ずかしい思いをさせる、困らせる
i-0373,annoy,いら立たせる、うんざりさせる
i-0374,admire,感心する、称賛する
i-0375,pretend,ふりをする
i-0376,bury,埋める、埋葬する
i-0377,assist,手伝う、支援する
i-0378,retire,退職する、引退する
i-0379,owe,借りがある、負っている
i-0380,license,免許、許可証
i-0381,layer,層
i-0382,globe,地球、世界
i-0383,league,連盟、リーグ
i-0384,contest,競技、異議を唱える
i-0385,guard,警備員、守る
i-0386,opponent,対戦相手、反対者
i-0387,glance,一目、ちらりと見る
i-0388,liquid,液体
i-0389,plain,明白な、質素な
i-0390,pure,純粋な、混じり気のない
i-0391,eager,熱望している、熱心な
i-0392,apologize,謝る
i-0393,rescue,救助する
i-0394,misunderstand,誤解する
i-0395,grocery,食料品店
i-0396,humor,ユーモア、気分
i-0397,courage,勇気
i-0398,stem,茎、幹
i-0399,shame,恥、残念なこと
i-0400,flavor,風味、特色
i-0401,portion,部分、(食事の)1人前
i-0402,chip,かけら、(電子)チップ
i-0403,precious,貴重な、大切な
i-0404,casual,気楽な、何気ない
i-0405,rough,粗い、乱暴な
i-0406,chase,追いかける、追跡する
i-0407,slip,滑る、うっかりミスする
i-0408,float,浮かぶ、漂う
i-0409,pause,一時停止する
i-0410,lean,傾く、寄りかかる
i-0411,bump,ぶつかる、こぶ
i-0412,wound,傷、傷つける
i-0413,fake,偽物の、にせの
i-0414,crack,ひび、割れる
i-0415,tap,軽くたたく、蛇口
i-0416,split,分ける、割れる
i-0417,heal,治す、治る
i-0418,cheat,だます、カンニングする
i-0419,bend,曲げる、身をかがめる
i-0420,bow,おじぎする、弓
i-0421,shade,日陰、陰
i-0422,file,ファイル、書類
i-0423,grateful,感謝している
i-0424,brave,勇敢な
i-0425,chew,かむ
i-0426,swallow,飲み込む、(感情などを)抑える
i-0427,polish,磨く
i-0428,sweep,掃く、一掃する
i-0429,mess,散らかった状態、混乱
i-0430,scenery,景色
i-0431,yawn,あくびをする
i-0432,blink,まばたきする
i-0433,spill,こぼす、漏らす
i-0434,forgive,許す
i-0435,pin,留め針、ピンで留める
i-0436,mild,穏やかな、(症状が)軽い
i-0437,yell,叫ぶ、怒鳴る
i-0438,rub,こする、塗り込む
i-0439,scratch,引っかく、かすり傷
i-0440,beg,懇願する
i-0441,sneeze,くしゃみをする
i-0442,suck,吸う、しゃぶる
i-0443,thirst,渇き、渇望
i-0444,dumb,ばかな、口のきけない
i-0445,furthermore,さらに
i-0446,moreover,その上
i-0447,otherwise,さもなければ、それ以外は
i-0448,alternative,代替の、代替案
i-0449,definite,明確な、確かな
i-0450,primary,主要な、第一の
i-0451,feedback,意見、反応
i-0452,foundation,基盤、土台
i-0453,tendency,傾向
i-0454,vision,構想、視力
i-0455,accuracy,正確さ
i-0456,application,申請、適用
i-0457,argument,議論、主張
i-0458,equality,平等
i-0459,analyze,分析する
i-0460,summarize,要約する
i-0461,cooperate,協力する
i-0462,tend,傾向がある
i-0463,challenge,難題、異議を唱える
i-0464,found,設立する
i-0465,species,種
i-0466,theory,理論
i-0467,statement,発言、声明
i-0468,evidence,証拠、根拠
i-0469,appropriate,適切な、ふさわしい
i-0470,likely,ありそうな
i-0471,individual,個々の、個人
i-0472,physical,身体の、物質の
i-0473,due,期限の、予定の
i-0474,despite,にもかかわらず
i-0475,argue,論じる、主張する
i-0476,claim,主張する、要求する
i-0477,advance,進める、進歩する
i-0478,establish,設立する、確立する
i-0479,perform,行う、演じる
i-0480,determine,決定する、見極める
i-0481,prove,証明する
i-0482,communicate,伝える、意思疎通する
i-0483,regard,みなす
i-0484,decline,減少する、断る
i-0485,suffer,苦しむ、被る
i-0486,publish,出版する、公表する
i-0487,industry,産業
i-0488,economy,経済
i-0489,policy,方針、政策
i-0490,trade,貿易、取引
i-0491,cell,細胞、独房
i-0492,impact,影響、衝撃
i-0493,resource,資源、手段
i-0494,access,利用、アクセスする
i-0495,attitude,態度、姿勢
i-0496,structure,構造、体系
i-0497,complex,複雑な
i-0498,mental,精神の
i-0499,essential,不可欠な、本質的な
i-0500,financial,財政の、金銭の
i-0501,academic,学術の、大学の
i-0502,worth,価値がある、値する
i-0503,potential,潜在的な、可能性
i-0504,maintain,維持する、主張する
i-0505,survey,調査する、見渡す
i-0506,conduct,実施する、行う
i-0507,associate,結びつける、連想する
i-0508,promote,促進する、昇進させる
i-0509,seek,求める、追求する
i-0510,observe,観察する、守る
i-0511,reveal,明らかにする、暴露する
i-0512,estimate,推定する、見積もる
i-0513,reflect,反映する、反射する
i-0514,define,定義する、明確にする
i-0515,adapt,適応する、改作する
i-0516,doubt,疑う、疑い
i-0517,assume,仮定する、思い込む
i-0518,satisfy,満足させる、満たす
i-0519,contrast,対比、対照する
i-0520,technique,手法、技術
i-0521,status,地位、状態
i-0522,race,人種、競争
i-0523,conflict,対立、衝突
i-0524,struggle,闘争、苦闘
i-0525,debate,討論、論争
i-0526,pollution,汚染、公害
i-0527,trend,傾向、流行
i-0528,basis,基礎、根拠
i-0529,ancestor,祖先
i-0530,efficient,効率のよい、無駄がない
i-0531,legal,法律の、合法の
i-0532,independent,独立した、無関係の
i-0533,extreme,極端な、過激な
i-0534,willing,進んでやる、いとわない
i-0535,urban,都市の、都会的な
i-0536,predict,予測する、予言する
i-0537,emerge,現れる、明らかになる
i-0538,vary,変わる、さまざまだ
i-0539,release,放出する、解放する
i-0540,enable,可能にする
i-0541,shift,移す、変える
i-0542,adopt,採用する、養子にする
i-0543,acquire,手に入れる、身につける
i-0544,consume,消費する、食べる
i-0545,convince,納得させる、確信させる
i-0546,operate,操作する、手術する
i-0547,participate,参加する
i-0548,host,主催する、主人
i-0549,appreciate,感謝する、評価する
i-0550,element,要素、元素
i-0551,atmosphere,大気、雰囲気
i-0552,origin,起源、由来
i-0553,personality,性格、個性
i-0554,threat,脅威
i-0555,resident,住民、居住者
i-0556,wealth,富、財産
i-0557,campaign,運動、キャンペーン
i-0558,fund,資金、基金
i-0559,symbol,象徴、記号
i-0560,analysis,分析
i-0561,crisis,危機
i-0562,gender,性別
i-0563,custom,慣習、税関
i-0564,fossil,化石
i-0565,firm,堅固な、会社
i-0566,overall,全体的な、総合的な
i-0567,rural,農村の、田舎の
i-0568,constant,一定の、絶え間ない
i-0569,severe,厳しい、深刻な
i-0570,enormous,巨大な、莫大な
i-0571,domestic,国内の、家庭の
i-0572,mass,大量の、大衆
i-0573,educate,教育する
i-0574,purchase,購入する、購入
i-0575,admit,認める、受け入れる
i-0576,generate,生み出す、発生させる
i-0577,explore,探検する、探求する
i-0578,settle,解決する、定住する
i-0579,afford,する余裕がある、与える
i-0580,conclude,結論づける、終える
i-0581,advertise,宣伝する
i-0582,encounter,出会う、遭遇する
i-0583,locate,突き止める、位置する
i-0584,aid,援助、助ける
i-0585,compete,競争する
i-0586,deny,否定する、認めない
i-0587,reject,拒否する、却下する
i-0588,intend,意図する、つもりだ
i-0589,propose,提案する、求婚する
i-0590,instruction,指示、説明書
i-0591,laboratory,研究室、実験室
i-0592,instrument,器具、楽器
i-0593,category,分類、部門
i-0594,capital,資本、首都
i-0595,outcome,結果、成果
i-0596,review,復習、評価
i-0597,occasion,機会、場合
i-0598,facility,施設、設備
i-0599,stock,在庫、株
i-0600,humanity,人類、人間性
i-0601,mammal,哺乳類
i-0602,quantity,量
i-0603,landscape,風景、景観
i-0604,organ,臓器、器官
i-0605,trial,試み、裁判
i-0606,code,規則、暗号
i-0607,numerous,数多くの
i-0608,sufficient,十分な
i-0609,proper,適切な、きちんとした
i-0610,strict,厳格な、厳しい
i-0611,violent,暴力的な、激しい
i-0612,immediate,即時の、直接の
i-0613,somewhat,やや、多少
i-0614,interpret,解釈する、理解する
i-0615,criticize,批判する、非難する
i-0616,overcome,克服する、乗り越える
i-0617,obtain,得る、手に入れる
i-0618,ensure,確実にする、保証する
i-0619,oppose,反対する、対抗する
i-0620,emphasize,強調する
i-0621,employ,雇う、用いる
i-0622,arise,生じる、起こる
i-0623,alter,変える、変更する
i-0624,absorb,吸収する、取り込む
i-0625,cure,治す、治療法
i-0626,transport,輸送する、運ぶ
i-0627,ban,禁止する、禁止
i-0628,adjust,調整する、適応する
i-0629,expense,出費、経費
i-0630,debt,借金、負債
i-0631,alarm,警報、不安
i-0632,minister,大臣、牧師
i-0633,candidate,候補者
i-0634,weapon,武器、兵器
i-0635,barrier,障壁、障害
i-0636,disadvantage,不利、不利な点
i-0637,motion,動き、動作
i-0638,myth,神話、作り話
i-0639,client,依頼人、顧客
i-0640,ingredient,材料、成分
i-0641,contract,契約、縮む
i-0642,dramatic,劇的な、大げさな
i-0643,minor,小さな、些細な
i-0644,flexible,柔軟な、融通が利く
i-0645,abandon,捨てる、断念する
i-0646,capture,捕らえる、捉える
i-0647,transfer,移す、移動する
i-0648,persuade,説得する、納得させる
i-0649,rent,賃借りする、家賃
i-0650,reserve,予約する、取っておく
i-0651,advise,助言する、忠告する
i-0652,attach,取り付ける、添付する
i-0653,disturb,妨げる、かき乱す
i-0654,crash,衝突する、墜落する
i-0655,permit,許可する、許可証
i-0656,impress,感動させる、印象づける
i-0657,suspect,疑う、容疑者
i-0658,import,輸入する、輸入
i-0659,export,輸出する、輸出
i-0660,calculate,計算する、算出する
i-0661,ease,和らげる、楽にする
i-0662,launch,開始する、打ち上げる
i-0663,witness,目撃者、目撃する
i-0664,honor,名誉、光栄
i-0665,priority,優先事項
i-0666,minimum,最小限、最小の
i-0667,bond,絆、債券
i-0668,virus,ウイルス
i-0669,insurance,保険
i-0670,district,地区、区域
i-0671,harvest,収穫、収穫する
i-0672,fault,過失、欠点
i-0673,dialogue,対話、会話
i-0674,frequent,頻繁な、しばしば起こる
i-0675,random,無作為の、でたらめな
i-0676,raw,生の、未加工の
i-0677,possess,所有する、持つ
i-0678,guarantee,保証する、保証
i-0679,discourage,やる気をなくさせる、思いとどまらせる
i-0680,exhaust,疲れ果てさせる、排気
i-0681,declare,宣言する、申告する
i-0682,secure,確保する、安全にする
i-0683,resist,抵抗する、耐える
i-0684,imitate,まねる、模倣する
i-0685,resemble,似ている
i-0686,collapse,崩壊する、倒れる
i-0687,protest,抗議する、抗議
i-0688,mission,使命、任務
i-0689,motor,モーター、原動力
i-0690,profession,職業、専門職
i-0691,editor,編集者
i-0692,agent,代理人、仲介者
i-0693,means,手段
i-0694,session,会合、授業
i-0695,divorce,離婚、離婚する
i-0696,guideline,指針、基準
i-0697,platform,基盤、プラットフォーム
i-0698,channel,経路、チャンネル
i-0699,fortune,財産、運
i-0700,artistic,芸術的な
i-0701,classic,古典的な、定番の
i-0702,concrete,具体的な、コンクリート
i-0703,slight,わずかな、かすかな
i-0704,temporary,一時的な
i-0705,guilty,有罪の、罪悪感がある
i-0706,incredible,信じがたい、すごい
i-0707,adequate,十分な、適切な
i-0708,approve,承認する、賛成する
i-0709,pile,積み重ねる、山
i-0710,deserve,値する、当然受ける
i-0711,defeat,打ち負かす、敗北
i-0712,endure,耐える、我慢する
i-0713,resolve,解決する、決意する
i-0714,register,登録する、記録する
i-0715,interrupt,中断する、邪魔する
i-0716,punish,罰する
i-0717,ruin,台無しにする、破滅
i-0718,defend,守る、防御する
i-0719,passion,情熱、熱中
i-0720,phase,段階、局面
i-0721,core,核心、中核
i-0722,faith,信頼、信仰
i-0723,luxury,ぜいたく、高級品
i-0724,council,議会、評議会
i-0725,generous,寛大な、気前がいい
i-0726,optimistic,楽観的な
i-0727,unpleasant,不快な、嫌な
i-0728,deaf,耳が聞こえない
i-0729,genuine,本物の、心からの
i-0730,instant,即時の、即席の
i-0731,spare,予備の、余分な
i-0732,harsh,厳しい、過酷な
i-0733,steady,着実な、安定した
i-0734,load,積み込む、荷物
i-0735,wander,歩き回る、さまよう
i-0736,pronounce,発音する、言い渡す
i-0737,shrink,縮む、縮小する
i-0738,restore,回復させる、復元する
i-0739,entertain,楽しませる、もてなす
i-0740,scan,読み取る、ざっと見る
i-0741,submit,提出する、服従する
i-0742,hesitate,ためらう、躊躇する
i-0743,pump,送り込む、ポンプ
i-0744,consult,相談する、診察する
i-0745,chart,図表、グラフ
i-0746,geography,地理
i-0747,semester,学期
i-0748,fate,運命
i-0749,maximum,最大限、最大の
i-0750,trail,小道、跡
i-0751,mixture,混合物、混合
i-0752,charm,魅力、魔力
i-0753,informal,くだけた、略式の
i-0754,alert,警戒している、警報
i-0755,cruel,残酷な、冷酷な
i-0756,modest,控えめな、謙虚な
i-0757,keen,熱心な、鋭い
i-0758,grasp,理解する、しっかりつかむ
i-0759,donate,寄付する、提供する
i-0760,arrest,逮捕する、逮捕
i-0761,burst,破裂する、突然始まる
i-0762,forbid,禁じる
i-0763,install,設置する、インストールする
i-0764,quote,引用する、引用
i-0765,obey,従う
i-0766,bully,いじめる、いじめっ子
i-0767,leap,跳ぶ、跳躍
i-0768,pitch,投げる、音の高さ
i-0769,input,入力、投入
i-0770,merit,利点、長所
i-0771,sympathy,同情、共感
i-0772,compliment,賛辞、褒め言葉
i-0773,ray,光線、光
i-0774,joint,関節、共同の
i-0775,curve,曲線、曲がる
i-0776,fantasy,空想、幻想
i-0777,brilliant,すばらしい、見事な
i-0778,innocent,無罪の、無邪気な
i-0779,shallow,浅い、浅はかな
i-0780,awkward,気まずい、不器用な
i-0781,proceed,進む、進行する
i-0782,surf,ネットを見て回る、波乗りをする
i-0783,grip,握る、握り
i-0784,fade,薄れる、色あせる
i-0785,spoil,台無しにする、甘やかす
i-0786,explode,爆発する、急増する
i-0787,decorate,飾る、装飾する
i-0788,caution,注意、用心
i-0789,scent,香り
i-0790,beverage,飲み物、飲料
i-0791,gallery,画廊、美術館
i-0792,fame,名声
i-0793,deadline,締め切り
i-0794,grave,墓、重大な
i-0795,column,欄、コラム
i-0796,tablet,錠剤、タブレット端末
i-0797,bitter,苦い、つらい
i-0798,tense,緊張した、時制
i-0799,fairy,妖精
i-0800,tackle,取り組む
i-0801,amuse,楽しませる
i-0802,spin,回転する、紡ぐ
i-0803,drag,引きずる、遅らせる
i-0804,dye,染める、染料
i-0805,rob,奪う、強盗する
i-0806,twist,ひねる、ねじる
i-0807,crush,押しつぶす、打ちのめす
i-0808,profile,プロフィール、人物像
i-0809,appetite,食欲、欲求
i-0810,script,台本、文字
i-0811,anniversary,記念日
i-0812,cattle,牛、家畜
i-0813,jail,刑務所、拘置所
i-0814,format,形式、書式
i-0815,decent,まずまずの、きちんとした
i-0816,ashamed,恥じている
i-0817,wireless,無線の
i-0818,whisper,ささやく
i-0819,swing,揺れる、振る
i-0820,dare,あえてする、挑む
i-0821,flip,ひっくり返す、はじく
i-0822,nightmare,悪夢、悪夢のような出来事
i-0823,rumor,うわさ
i-0824,gear,用具、歯車
i-0825,update,更新する、最新情報
i-0826,spray,吹きかける、散布
i-0827,sigh,ため息をつく
i-0828,headline,見出し、主要ニュース
i-0829,neat,きちんとした、すてきな
i-0830,tidy,整然とした、きちんとする
i-0831,crawl,はって進む、ゆっくり進む
i-0832,delete,削除する
i-0833,pray,祈る
i-0834,makeup,化粧、性格
i-0835,laundry,洗濯、洗濯物
i-0836,weird,奇妙な、変な
i-0837,sore,痛い、炎症を起こした
i-0838,flame,炎、燃え上がる
i-0839,plug,差し込む、プラグ
i-0840,tease,からかう、いじめる
i-0841,eclipse,日食、月食
i-0842,errand,用事、お使い
i-0843,outfit,服装一式、装備
i-0844,orphan,孤児
i-0845,hay,干し草
i-0846,furious,激怒した、猛烈な
i-0847,dizzy,めまいがする、目が回る
i-0848,consequently,その結果、したがって
i-0849,consistent,一貫した、矛盾しない
i-0850,diverse,多様な、さまざまな
i-0851,beneficial,有益な、ためになる
i-0852,considerable,かなりの、相当な
i-0853,emphasis,強調、重点
i-0854,objective,目的、目標
i-0855,procedure,手順、手続き
i-0856,assumption,仮定、想定
i-0857,capability,能力、性能
i-0858,collaboration,協力、共同作業
i-0859,concentration,集中、濃度
i-0860,criticism,批判、批評
i-0861,efficiency,効率
i-0862,facilitate,促進する、容易にする
i-0863,bear,耐える、産む
i-0864,political,政治的な
i-0865,aspect,側面、観点
i-0866,significant,重要な、大きな
i-0867,plastic,プラスチックの、柔軟な
i-0868,chemical,化学の、化学的な
i-0869,contribute,貢献する、一因となる
i-0870,wind,巻く、曲がりくねる
i-0871,desire,願望、欲する
i-0872,concept,概念
i-0873,context,文脈、背景
i-0874,strategy,戦略
i-0875,consequence,結果、重大性
i-0876,gene,遺伝子
i-0877,revolution,革命
i-0878,vast,広大な、膨大な
i-0879,moral,道徳的な、倫理的な
i-0880,stick,くっつく、刺す
i-0881,engage,従事する、関与させる
i-0882,address,対処する、演説する
i-0883,bore,退屈させる、穴をあける
i-0884,capacity,容量、収容力
i-0885,authority,権威、当局
i-0886,psychology,心理学
i-0887,agriculture,農業
i-0888,conscious,意識している、意識のある
i-0889,fundamental,基本の、根本的な
i-0890,artificial,人工の、不自然な
i-0891,military,軍事の、軍隊
i-0892,nuclear,核の、原子力の
i-0893,visual,視覚の、目に見える
i-0894,demonstrate,実証する、示す
i-0895,appeal,訴える、魅力
i-0896,insist,強く主張する、言い張る
i-0897,favor,賛成する、好意
i-0898,inspire,奮い立たせる、ひらめかせる
i-0899,consist,成り立つ、含む
i-0900,presence,存在、出席
i-0901,trait,特性、特徴
i-0902,diversity,多様性
i-0903,dialect,方言
i-0904,proportion,割合、比率
i-0905,tribe,部族
i-0906,widespread,広く行き渡った、広範囲の
i-0907,civil,市民の、民間の
i-0908,sensitive,敏感な、繊細な
i-0909,crucial,極めて重要な、重大な
i-0910,grant,与える、認める
i-0911,credit,功績、信用
i-0912,transform,変える、変容させる
i-0913,construct,建設する、構成する
i-0914,fascinate,魅了する、興味を引く
i-0915,interact,交流する、関わり合う
i-0916,democracy,民主主義、民主政治
i-0917,corporation,法人、企業
i-0918,depression,憂うつ、不況
i-0919,immigration,移民、移住
i-0920,discipline,規律、しつけ
i-0921,statistics,統計
i-0922,welfare,福祉、幸福
i-0923,prime,主要な、最重要の
i-0924,distinct,はっきり異なる、明確な
i-0925,vital,不可欠な、生命の
i-0926,extraordinary,並外れた、異常な
i-0927,aggressive,攻撃的な、積極的な
i-0928,precise,正確な、精密な
i-0929,latter,後者の
i-0930,commit,約束する、犯す
i-0931,stimulate,刺激する、活性化する
i-0932,enhance,高める、強める
i-0933,pursue,追求する、追いかける
i-0934,invest,投資する、注ぎ込む
i-0935,trace,跡、たどる
i-0936,illustrate,説明する、例示する
i-0937,convey,伝える、運ぶ
i-0938,puzzle,当惑させる、難問
i-0939,cope,対処する
i-0940,investigate,調査する、捜査する
i-0941,symptom,症状
i-0942,incident,出来事、事件
i-0943,burden,負担
i-0944,logic,論理
i-0945,exception,例外
i-0946,surgery,手術
i-0947,territory,領土、区域
i-0948,boundary,境界、限界
i-0949,habitat,生息地
i-0950,cooperation,協力、連携
i-0951,reputation,評判
i-0952,internal,内部の、内面的な
i-0953,remote,遠隔の、遠い
i-0954,relevant,関連がある、適切な
i-0955,permanent,永続的な、永久の
i-0956,intense,強烈な、激しい
i-0957,meaningful,意義のある、意味のある
i-0958,evil,邪悪な、悪
i-0959,extinct,絶滅した
i-0960,tropical,熱帯の
i-0961,detect,感知する、見つける
i-0962,devote,ささげる、専念する
i-0963,urge,強く促す、主張する
i-0964,restrict,制限する、限定する
i-0965,accompany,同行する、伴う
i-0966,endanger,危険にさらす
i-0967,acknowledge,認める、謝意を示す
i-0968,evaluate,評価する、査定する
i-0969,reverse,逆にする、反転する
i-0970,assign,割り当てる、課す
i-0971,accomplish,成し遂げる、完成する
i-0972,wisdom,知恵、賢明さ
i-0973,heritage,遺産、伝統
i-0974,elite,エリート、精鋭
i-0975,protein,たんぱく質
i-0976,sacrifice,犠牲、犠牲にする
i-0977,tissue,組織、ティッシュ
i-0978,prejudice,偏見、先入観
i-0979,justice,正義、公正
i-0980,sector,部門、分野
i-0981,glacier,氷河
i-0982,usage,使用、用法
i-0983,literary,文学の、文語の
i-0984,unfamiliar,なじみのない、不慣れな
i-0985,marine,海の、海軍の
i-0986,apparent,明らかな、見たところの
i-0987,royal,王室の、王の
i-0988,via,経由で
i-0989,assess,評価する、査定する
i-0990,remark,意見、発言する
i-0991,distribute,配布する、分配する
i-0992,command,命じる、指揮
i-0993,occupy,占める、居住する
i-0994,frustrate,いらだたせる、挫折させる
i-0995,relieve,和らげる、安心させる
i-0996,peer,じっと見つめる、同僚
i-0997,delight,喜ばせる、喜び
i-0998,boost,押し上げる、増やす
i-0999,compose,構成する、作曲する
i-1000,embrace,受け入れる、抱きしめる
i-1001,enthusiasm,熱意、熱情
i-1002,mode,方式、モード
i-1003,span,期間、範囲
i-1004,gravity,重力、重大さ
i-1005,soul,魂、精神
i-1006,nerve,神経、度胸
i-1007,infection,感染
i-1008,instinct,本能
i-1009,obstacle,障害、妨げ
i-1010,architecture,建築、構造
i-1011,drought,干ばつ
i-1012,sake,ために
i-1013,manual,手作業の、取扱説明書
i-1014,mechanical,機械の、機械的な
i-1015,mature,成熟した、大人の
i-1016,likewise,同様に
i-1017,sue,訴える
i-1018,gaze,見つめる、視線
i-1019,overwhelm,圧倒する、打ちのめす
i-1020,substitute,代用する、代用品
i-1021,trigger,引き起こす、引き金
i-1022,interfere,干渉する、妨げる
i-1023,anticipate,予想する、予期する
i-1024,classify,分類する
i-1025,mount,据え付ける、乗る
i-1026,exceed,超える
i-1027,confront,直面する、立ち向かう
i-1028,fulfill,果たす、満たす
i-1029,mill,工場、製粉所
i-1030,tragedy,悲劇
i-1031,allergy,アレルギー
i-1032,folk,人々、民俗の
i-1033,fare,運賃、料金
i-1034,skeleton,骨格、骨組み
i-1035,pedestrian,歩行者
i-1036,ratio,比率、割合
i-1037,ambition,大望、野心
i-1038,prompt,即座の、促す
i-1039,mutual,相互の
i-1040,neutral,中立の
i-1041,fluent,流ちょうな
i-1042,external,外部の、対外的な
i-1043,unrelated,無関係の
i-1044,urgent,緊急の
i-1045,negotiate,交渉する
i-1046,forecast,予測する、予報
i-1047,exclude,除外する
i-1048,overlook,見落とす、大目に見る
i-1049,highlight,強調する、目立たせる
i-1050,distract,注意をそらす
i-1051,log,記録する、ログオンする
i-1052,astonish,驚かせる
i-1053,blend,混ぜる、混ざる
i-1054,dedicate,ささげる、専念する
i-1055,equip,備え付ける、装備する
i-1056,penalty,罰、罰金
i-1057,nutrition,栄養
i-1058,nationality,国籍
i-1059,clinic,診療所、クリニック
i-1060,fingerprint,指紋
i-1061,panic,パニック、恐慌
i-1062,fabric,布地、織物
i-1063,valid,有効な、妥当な
i-1064,moderate,適度な、穏健な
i-1065,tremendous,莫大な、すさまじい
i-1066,pregnant,妊娠している
i-1067,filter,ろ過する、取り除く
i-1068,bet,賭ける、断言する
i-1069,accuse,告発する、非難する
i-1070,vanish,消える、姿を消す
i-1071,commute,通勤する、通学する
i-1072,postpone,延期する
i-1073,inherit,受け継ぐ、相続する
i-1074,cue,合図
i-1075,mankind,人類
i-1076,fiber,繊維、食物繊維
i-1077,sensible,賢明な、分別のある
i-1078,vague,あいまいな、漠然とした
i-1079,seasonal,季節の、季節的な
i-1080,ridiculous,ばかげた、笑えるほどおかしい
i-1081,clip,切り抜く、クリップ
i-1082,scatter,まき散らす、散らばる
i-1083,irritate,いら立たせる、刺激する
i-1084,insult,侮辱する、侮辱
i-1085,drain,排出する、排水口
i-1086,drift,漂う、流される
i-1087,revise,修正する、改訂する
i-1088,chamber,部屋、議場
i-1089,herd,群れ
i-1090,pity,残念なこと、同情
i-1091,drill,訓練、ドリル
i-1092,monument,記念碑
i-1093,straightforward,率直な、分かりやすい
i-1094,transparent,透明な、明白な
i-1095,steep,急な、急激な
i-1096,ongoing,進行中の、継続中の
i-1097,blossom,花が咲く、開花
i-1098,terrify,怖がらせる
i-1099,deceive,だます
i-1100,starve,飢える、飢えさせる
i-1101,startle,驚かせる
i-1102,worsen,悪化する
i-1103,chaos,混乱、混沌
i-1104,horror,恐怖、嫌悪
i-1105,signature,署名
i-1106,aisle,通路
i-1107,destiny,運命
i-1108,outstanding,傑出した、目立った
i-1109,worthwhile,価値がある、やりがいがある
i-1110,probable,ありそうな
i-1111,gradual,徐々の、段階的な
i-1112,vivid,鮮やかな、生き生きした
i-1113,bloom,花が咲く、開花
i-1114,depart,出発する、去る
i-1115,cram,詰め込む、詰め込み勉強する
i-1116,glow,輝く、ほてる
i-1117,dump,投棄する、捨てる
i-1118,pill,錠剤
i-1119,reception,受付、反応
i-1120,dairy,乳製品、乳製品売り場
i-1121,posture,姿勢
i-1122,funeral,葬式
i-1123,cereal,シリアル、穀物
i-1124,patch,部分、つぎ当て
i-1125,rubbish,ごみ、つまらない物
i-1126,maze,迷路
i-1127,ally,同盟国、味方
i-1128,blade,刃、葉
i-1129,bargain,掘り出し物、値引き品
i-1130,naked,裸の
i-1131,sincere,誠実な、心からの
i-1132,dim,薄暗い、ぼんやりした
i-1133,regain,取り戻す
i-1134,squeeze,押し込む、絞る
i-1135,drown,溺れる、溺れさせる
i-1136,dip,浸す、少し下がる
i-1137,soak,浸す、ずぶぬれにする
i-1138,stir,かき混ぜる、かき立てる
i-1139,envy,うらやむ、ねたみ
i-1140,domain,領域、分野
i-1141,shield,盾、防ぐ
i-1142,flesh,肉、皮膚
i-1143,limb,手足、枝
i-1144,revenge,復讐
i-1145,jealous,嫉妬深い、用心深い
i-1146,snap,ポキッと折る、パチンと音を立てる
i-1147,erase,消す、消去する
i-1148,bounce,跳ねる、反発する
i-1149,barrel,樽、銃身
i-1150,thread,糸、筋道
i-1151,stall,屋台、失速する
i-1152,warrior,戦士
i-1153,stack,積み重ねる、山
i-1154,tweet,つぶやく
i-1155,mock,ばかにする、からかう
i-1156,stain,汚す、しみ
i-1157,roar,ほえる、うなる
i-1158,fetch,持ってくる、取ってくる
i-1159,liver,肝臓
i-1160,swear,ののしる、誓う
i-1161,mercy,慈悲、情け
i-1162,bulk,大部分、かさ
i-1163,reunion,再会
i-1164,greed,強欲、欲深さ
i-1165,texture,手触り、質感
i-1166,earnest,真剣な、熱心な
i-1167,humid,湿気の多い
i-1168,conversely,逆に、反対に
i-1169,applicable,適用できる、当てはまる
i-1170,comprehensive,包括的な、総合的な
i-1171,ethical,倫理的な
i-1172,credible,信頼できる、説得力のある
i-1173,constraint,制約、制限
i-1174,framework,枠組み、骨組み
i-1175,mechanism,仕組み、機構
i-1176,certainty,確実性、確信
i-1177,clarity,明確さ
i-1178,composition,構成、成分
i-1179,credibility,信頼性
i-1180,engagement,関与、参加
i-1181,specify,指定する、明記する
i-1182,instruct,指示する、教える
i-1183,object,反対する、物
i-1184,medium,媒体、手段
i-1185,instance,例、場合
i-1186,novel,新しい、小説
i-1187,universal,普遍的な、万能の
i-1188,whereas,一方で、なのに対して
i-1189,strike,心に響く、打つ
i-1190,evolve,進化する、発展する
i-1191,preserve,保存する、保護する
i-1192,principle,原則、原理
i-1193,circumstance,事情、状況
i-1194,institution,機関、制度
i-1195,perspective,視点、見方
i-1196,biological,生物学の、生物の
i-1197,nevertheless,それでも
i-1198,perceive,知覚する、気づく
i-1199,distinguish,区別する、見分ける
i-1200,imply,示唆する、ほのめかす
i-1201,rank,順位をつける、順位
i-1202,expose,さらす、暴露する
i-1203,notion,考え、概念
i-1204,philosophy,哲学
i-1205,substance,物質、実質
i-1206,contemporary,現代の、同時代の
i-1207,contrary,反対の、逆の
i-1208,superior,優れた、上司
i-1209,virtual,仮想の、事実上の
i-1210,manufacture,製造する、製造
i-1211,insight,洞察、見識
i-1212,innovation,革新
i-1213,stereotype,固定観念、類型
i-1214,disorder,障害、混乱
i-1215,physician,医師
i-1216,colony,植民地、集団居住地
i-1217,conventional,従来の、慣習的な
i-1218,abstract,抽象的な、要約
i-1219,ethnic,民族の、人種の
i-1220,alien,異質な、外国人
i-1221,breed,繁殖させる、品種
i-1222,monitor,監視する、モニター
i-1223,eliminate,取り除く、排除する
i-1224,sequence,連続、順序
i-1225,therapy,療法、治療
i-1226,conservation,保護、保存
i-1227,predator,捕食動物、略奪者
i-1228,bias,偏り、偏見
i-1229,patent,特許、特許を取る
i-1230,component,構成要素、部品
i-1231,verbal,言葉の、口頭の
i-1232,principal,主要な、校長
i-1233,equivalent,同等の、相当する
i-1234,rational,理性的な、合理的な
i-1235,absolute,絶対的な、完全な
i-1236,mere,単なる
i-1237,dominate,支配する、圧倒する
i-1238,isolate,孤立させる、隔離する
i-1239,specialize,専門にする、専攻する
i-1240,attribute,のせいだとする、属性
i-1241,neglect,おろそかにする、怠る
i-1242,reform,改革する、改革
i-1243,sustain,維持する、持続させる
i-1244,literacy,読み書き能力、識字
i-1245,haven,避難所、安全な場所
i-1246,inequality,不平等、格差
i-1247,liberal,自由主義の、寛大な
i-1248,federal,連邦の
i-1249,primitive,原始的な、未開の
i-1250,reluctant,気が進まない、渋々の
i-1251,pose,提起する、もたらす
i-1252,yield,生む、譲る
i-1253,exhibit,示す、展示する
i-1254,pop,急に現れる、はじける
i-1255,derive,由来する、引き出す
i-1256,convert,転換する、改宗させる
i-1257,correspond,一致する、文通する
i-1258,impose,課す、押しつける
i-1259,prohibit,禁止する
i-1260,modify,修正する、変更する
i-1261,qualify,資格を与える、条件を満たす
i-1262,orbit,軌道、周回する
i-1263,incentive,動機、励み
i-1264,prospect,見込み、見通し
i-1265,illusion,錯覚、幻想
i-1266,discrimination,差別、識別
i-1267,ritual,儀式、慣習的行為
i-1268,prefecture,県、府
i-1269,administration,行政、運営
i-1270,curriculum,教育課程、カリキュラム
i-1271,Arctic,北極の
i-1272,ultimate,究極の、最終的な
i-1273,immune,免疫のある、影響を受けない
i-1274,collective,集団の、共同の
i-1275,inevitable,避けられない
i-1276,retain,保持する、覚えておく
i-1277,reproduce,複製する、繁殖する
i-1278,cultivate,耕す、養う
i-1279,justify,正当化する、正しいと示す
i-1280,regulate,規制する、調整する
i-1281,undergo,経験する、受ける
i-1282,privilege,特権、特典
i-1283,formation,形成、編成
i-1284,sensation,感覚、大評判
i-1285,panel,委員団、パネル
i-1286,workforce,労働力、労働人口
i-1287,abuse,乱用、虐待
i-1288,vice,悪徳、副
i-1289,scenario,想定、脚本
i-1290,vaccine,ワクチン
i-1291,metaphor,比喩
i-1292,transition,移行、変化
i-1293,galaxy,銀河
i-1294,mineral,鉱物、ミネラル
i-1295,sibling,きょうだい
i-1296,prominent,著名な、目立つ
i-1297,magnetic,磁気の、魅力的な
i-1298,polar,極地の、正反対の
i-1299,passive,受け身の、消極的な
i-1300,vulnerable,傷つきやすい、弱い
i-1301,spiritual,精神の、霊的な
i-1302,diminish,減る、減らす
i-1303,cite,引用する、引き合いに出す
i-1304,dispute,異議を唱える、争い
i-1305,foster,育てる、育む
i-1306,deprive,奪う、与えない
i-1307,govern,統治する、支配する
i-1308,transmit,送る、伝える
i-1309,thrill,わくわくさせる、ぞくぞくさせる
i-1310,complicate,複雑にする
i-1311,persist,続く、固執する
i-1312,premise,前提
i-1313,distress,苦痛、苦悩
i-1314,expedition,遠征、探検
i-1315,adolescent,思春期の若者、青年
i-1316,ethic,倫理、道徳
i-1317,faculty,能力、学部
i-1318,scheme,計画、策略
i-1319,particle,粒子、わずかな量
i-1320,poll,世論調査、投票
i-1321,fatigue,疲労、疲れ
i-1322,dilemma,板挟み、ジレンマ
i-1323,queue,列、待ち行列
i-1324,narrative,物語、語り
i-1325,wilderness,荒野
i-1326,virtue,美徳、長所
i-1327,dynamic,活発な、力強い
i-1328,oral,口頭の、口の
i-1329,subsequent,その後の、続いて起こる
i-1330,indifferent,無関心な、どうでもよい
i-1331,inferior,劣った、下位の
i-1332,obese,肥満の
i-1333,sacred,神聖な
i-1334,versus,対、対抗
i-1335,bind,縛る、結びつける
i-1336,reinforce,強化する、補強する
i-1337,accumulate,蓄積する、集める
i-1338,dismiss,解雇する、退ける
i-1339,conceal,隠す、隠ぺいする
i-1340,seal,密閉する、封印する
i-1341,migrate,移住する、移動する
i-1342,exaggerate,誇張する、大げさに言う
i-1343,mislead,誤解させる、だます
i-1344,disgust,うんざりさせる、嫌悪感
i-1345,cease,やめる、中止する
i-1346,compromise,妥協する、妥協
i-1347,elect,選ぶ、選挙で選ぶ
i-1348,extract,取り出す、抽出する
i-1349,empathy,共感
i-1350,enterprise,企業、事業
i-1351,output,生産高、出力
i-1352,congress,議会
i-1353,Muslim,イスラム教徒
i-1354,estate,財産、不動産
i-1355,retail,小売り、小売りの
i-1356,province,州、県
i-1357,reef,サンゴ礁
i-1358,excess,過剰、超過
i-1359,prey,獲物
i-1360,recession,不況
i-1361,retreat,退却、後退
i-1362,plot,筋書き、陰謀
i-1363,sculpture,彫刻
i-1364,dense,密集した、密度の高い
i-1365,exotic,異国風の、外来の
i-1366,acid,酸、酸性の
i-1367,noble,高貴な、貴族
i-1368,parallel,平行の、類似の
i-1369,vertical,垂直の、縦の
i-1370,abundant,豊富な
i-1371,hybrid,雑種の、ハイブリッドの
i-1372,irrelevant,関係のない
i-1373,infer,推測する、推論する
i-1374,venture,思い切ってやる、事業
i-1375,accelerate,加速する、促進する
i-1376,thrive,繁栄する、うまくいく
i-1377,nurture,育てる、育む
i-1378,cast,投げる、配役
i-1379,tempt,誘惑する、する気にさせる
i-1380,withdraw,引き出す、撤退する
i-1381,recruit,募集する、採用する
i-1382,uncover,暴く、明らかにする
i-1383,implement,実行する、実施する
i-1384,impulse,衝動
i-1385,pension,年金
i-1386,temper,気質、気性
i-1387,priest,聖職者、司祭
i-1388,acquaintance,知人、面識
i-1389,offspring,子、子孫
i-1390,famine,飢きん
i-1391,recipient,受取人、受領者
i-1392,combat,戦闘、戦う
i-1393,fraction,一部、わずか
i-1394,index,索引、指数
i-1395,intuition,直感
i-1396,motive,動機
i-1397,consent,同意、承諾
i-1398,asset,資産、財産
i-1399,competent,有能な、適任の
i-1400,delicate,繊細な、もろい
i-1401,interior,室内の、内部の
i-1402,humble,謙虚な、控えめな
i-1403,magnificent,壮大な、見事な
i-1404,assure,保証する、断言する
i-1405,revive,復活させる、回復する
i-1406,flee,逃げる、逃亡する
i-1407,deposit,預ける、預金
i-1408,depict,描写する、表現する
i-1409,outline,要点を述べる、概要
i-1410,renew,更新する、再開する
i-1411,assert,主張する、断言する
i-1412,strain,負担をかける、緊張
i-1413,strive,努力する、懸命に取り組む
i-1414,boast,自慢する、誇る
i-1415,offend,気分を害する、怒らせる
i-1416,assemble,集める、組み立てる
i-1417,descend,降りる、下る
i-1418,quest,探求、探求の旅
i-1419,mainstream,主流
i-1420,troop,軍隊、部隊
i-1421,outbreak,発生、勃発
i-1422,cluster,集まり、集団
i-1423,pollen,花粉
i-1424,hive,ハチの巣
i-1425,dose,1回分、投与量
i-1426,suicide,自殺
i-1427,feast,祝宴、ごちそう
i-1428,cuisine,料理、料理法
i-1429,proverb,ことわざ
i-1430,formula,方式、公式
i-1431,tuition,授業料
i-1432,kidney,腎臓
i-1433,grief,深い悲しみ、悲嘆
i-1434,skull,頭蓋骨
i-1435,tomb,墓
i-1436,monk,僧、修道士
i-1437,worship,崇拝、礼拝
i-1438,fragile,壊れやすい、もろい
i-1439,vocal,声の、発声の
i-1440,scarce,乏しい、まれな
i-1441,notable,注目すべき、著名な
i-1442,refresh,さっぱりさせる、元気を回復させる
i-1443,comprehend,理解する
i-1444,flock,群がる、群れ
i-1445,clarify,明確にする、はっきりさせる
i-1446,spark,引き起こす、火花
i-1447,seize,つかむ、奪う
i-1448,soar,急上昇する、舞い上がる
i-1449,disguise,変装させる、変装
i-1450,strip,取り去る、はぎ取る
i-1451,weave,織る、編む
i-1452,internship,実務研修、インターン
i-1453,outlet,直売店、はけ口
i-1454,remedy,治療法、改善策
i-1455,compassion,思いやり、同情
i-1456,curse,悪態、呪い
i-1457,encyclopedia,百科事典
i-1458,fragment,断片
i-1459,outlook,見通し、見解
i-1460,triumph,勝利、成功
i-1461,spectator,観客
i-1462,behalf,代わって、ために
i-1463,interval,間隔、合間
i-1464,theft,窃盗
i-1465,collision,衝突
i-1466,landmark,目印、画期的出来事
i-1467,thorough,徹底的な、入念な
i-1468,tame,飼いならす、おとなしい
i-1469,disabled,障がいのある
i-1470,alternate,代わりの、交互の
i-1471,partial,部分的な、偏った
i-1472,fierce,激しい、どう猛な
i-1473,sole,唯一の、足の裏
i-1474,loyal,忠実な、誠実な
i-1475,enroll,登録する、入学する
i-1476,halt,止まる、止める
i-1477,invade,侵入する、侵略する
i-1478,steer,操縦する、導く
i-1479,resume,再開する、履歴書
i-1480,appoint,任命する、指定する
i-1481,swell,膨らむ、腫れる
i-1482,confess,告白する、認める
i-1483,resign,辞任する、やむを得ず受け入れる
i-1484,unfold,開く、明らかになる
i-1485,inflation,インフレ、物価上昇
i-1486,clash,衝突、対立
i-1487,margin,余白、差
i-1488,bullet,銃弾
i-1489,despair,絶望、絶望する
i-1490,nursery,託児所、苗床
i-1491,spouse,配偶者
i-1492,mummy,ミイラ、母親
i-1493,odor,におい
i-1494,tide,潮、流れ
i-1495,nonsense,たわごと、ばかげた話
i-1496,accidental,偶然の、過失による
i-1497,uneasy,不安な、落ち着かない
i-1498,swift,素早い、急速な
i-1499,collaborate,協力する、共同で働く
i-1500,insert,差し込む、挿入する
i-1501,overtake,追い越す、追いつく
i-1502,carve,彫る、切り分ける
i-1503,stray,道に迷う、はぐれる
i-1504,lag,遅れる、遅れ
i-1505,cling,しがみつく、くっつく
i-1506,grind,すりつぶす、挽く
i-1507,knit,編む、結びつける
i-1508,leak,漏れる、漏らす
i-1509,smash,粉砕する、打ち壊す
i-1510,frown,眉をひそめる、しかめっ面
i-1511,draft,草案、下書き
i-1512,cabinet,内閣、戸棚
i-1513,arithmetic,算数、計算
i-1514,legacy,遺産、伝統
i-1515,rage,激怒、怒り
i-1516,sorrow,悲しみ、悲嘆
i-1517,moisture,水分、湿気
i-1518,altitude,高度
i-1519,scope,範囲、余地
i-1520,intermediate,中間の、中級の
i-1521,gloomy,陰気な、薄暗い
i-1522,faint,かすかな、気を失う
i-1523,verify,確かめる、検証する
i-1524,rotate,回転する、循環する
i-1525,blur,ぼかす、ぼやける
i-1526,overlap,重なる、重複する
i-1527,surrender,降伏する、明け渡す
i-1528,stumble,つまずく、よろける
i-1529,await,待つ
i-1530,inspect,点検する、検査する
i-1531,hazard,危険、危険要因
i-1532,rebel,反逆者、反逆する
i-1533,merchandise,商品、商品類
i-1534,supervisor,監督者、指導教員
i-1535,personnel,職員、社員
i-1536,duration,持続時間、継続期間
i-1537,certificate,証明書
i-1538,biography,伝記
i-1539,breakdown,故障、崩壊
i-1540,eligible,資格のある、適格な
i-1541,diligent,勤勉な
i-1542,stubborn,頑固な、強情な
i-1543,ripe,熟した、成熟した
i-1544,stiff,硬い、こわばった
i-1545,vacant,空いている、空席の
i-1546,punctual,時間に正確な
i-1547,merge,合併する、統合する
i-1548,bleed,出血する、血を流す
i-1549,browse,拾い読みする、見て回る
i-1550,flap,パタパタ動く、パタパタ音を立てる
i-1551,basin,流域、盆地
i-1552,erosion,侵食
i-1553,congestion,混雑、うっ血
i-1554,complement,補完、補足
i-1555,mold,型、カビ
i-1556,bribe,賄賂、賄賂を贈る
i-1557,harassment,嫌がらせ、ハラスメント
i-1558,timid,臆病な、気が小さい
i-1559,contagious,伝染性の、うつりやすい
i-1560,weary,疲れ果てた、うんざりした
i-1561,numb,麻痺した、感覚のない
i-1562,thereby,それによって
i-1563,analogous,類似した、同様の
i-1564,viable,実行可能な、成り立つ
i-1565,entity,実体、存在
i-1566,integrity,誠実さ、完全性
i-1567,estimation,推定、見積もり
i-1568,differentiate,区別する、差別化する
i-1569,formulate,策定する、組み立てる
i-1570,amend,修正する、改正する
i-1571,omit,省く、抜かす
i-1572,maximize,最大化する
i-1573,minimize,最小化する
i-1574,fluctuate,変動する
i-1575,devise,考案する、工夫する
i-1576,accord,合意、調和
i-1577,cognitive,認知の
i-1578,phenomenon,現象
i-1579,norm,規範、標準
i-1580,linguistic,言語の、言語学の
i-1581,regardless,関係なく
i-1582,hypothesis,仮説
i-1583,sophisticated,高度な、洗練された
i-1584,forth,前へ、先へ
i-1585,primate,霊長類
i-1586,correlation,相関関係
i-1587,subtle,微妙な、わずかな
i-1588,rid,取り除く
i-1589,asteroid,小惑星
i-1590,profound,深い、重大な
i-1591,bob,上下に動く
i-1592,underlie,根底にある
i-1593,dimension,側面、次元
i-1594,counterpart,対応するもの、相手
i-1595,stroke,脳卒中、打撃
i-1596,ecology,生態学
i-1597,radical,急進的な、根本的な
i-1598,nonetheless,それでもなお
i-1599,infrastructure,インフラ、基盤施設
i-1600,jury,陪審
i-1601,molecule,分子
i-1602,pesticide,殺虫剤、農薬
i-1603,fancy,好み、思いつき
i-1604,elaborate,入念な、凝った
i-1605,intimate,親密な、個人的な
i-1606,medieval,中世の
i-1607,simultaneously,同時に
i-1608,orient,慣れさせる、方向づける
i-1609,resort,頼る、手段
i-1610,advocate,主張する、提唱する
i-1611,constitute,構成する、成り立つ
i-1612,undertake,引き受ける、着手する
i-1613,compound,悪化させる、合成物
i-1614,rear,育てる、後ろの
i-1615,millennium,千年紀、千年間
i-1616,landmine,地雷
i-1617,controversy,論争
i-1618,consensus,合意、一致した意見
i-1619,supplement,補う、補足
i-1620,microbe,微生物
i-1621,undergraduate,学部生
i-1622,slavery,奴隷制度
i-1623,sensory,感覚の
i-1624,chronic,慢性的な
i-1625,voluntary,自発的な、任意の
i-1626,inclined,傾向がある、気が向いている
i-1627,esteem,尊敬する、尊敬
i-1628,accustom,慣れさせる
i-1629,flourish,繁栄する、栄える
i-1630,enforce,施行する、実施する
i-1631,suspend,停学にする、一時停止する
i-1632,exploit,利用する、搾取する
i-1633,integrate,統合する
i-1634,incorporate,組み入れる、取り入れる
i-1635,utility,実用性、公共事業
i-1636,fluid,流体、流動的な
i-1637,commodity,商品
i-1638,inability,無力、できないこと
i-1639,republic,共和国
i-1640,debris,残骸、がれき
i-1641,bug,病原菌、虫
i-1642,hierarchy,階層、序列
i-1643,cosmetic,化粧の、美容の
i-1644,deliberate,慎重な、故意の
i-1645,toxic,有毒な、有害な
i-1646,peculiar,特有の、奇妙な
i-1647,trivial,ささいな、取るに足らない
i-1648,precede,先立つ、前に起こる
i-1649,compel,強いる、無理にさせる
i-1650,violate,侵害する、違反する
i-1651,confine,限定する、閉じ込める
i-1652,prolong,長引かせる、延長する
i-1653,shed,脱ぎ捨てる、流す
i-1654,emit,発する、排出する
i-1655,utilize,活用する、利用する
i-1656,compute,計算する、算出する
i-1657,compensate,補償する、埋め合わせる
i-1658,prevail,広まる、普及する
i-1659,dignity,尊厳
i-1660,parliament,議会
i-1661,agenda,協議事項、議題
i-1662,epidemic,流行、流行病
i-1663,intake,摂取量、取り入れ
i-1664,spectrum,スペクトル、範囲
i-1665,infinite,無限の
i-1666,compulsory,義務の、強制の
i-1667,ambiguous,あいまいな
i-1668,obscure,無名の、分かりにくい
i-1669,skeptical,懐疑的な
i-1670,static,静的な、静止した
i-1671,hostile,敵対的な、反感のある
i-1672,gross,総計の、ひどい
i-1673,conquer,征服する、克服する
i-1674,induce,引き起こす、誘発する
i-1675,attain,達成する、到達する
i-1676,retrieve,取り出す、検索する
i-1677,portray,描写する、演じる
i-1678,designate,指定する、指名する
i-1679,contradict,矛盾する、反論する
i-1680,disrupt,混乱させる、妨害する
i-1681,navigate,航行する、誘導する
i-1682,inhabit,住む、生息する
i-1683,diagnose,診断する
i-1684,oblige,義務づける、助ける
i-1685,underestimate,過小評価する、見くびる
i-1686,distort,ゆがめる、歪曲する
i-1687,abolish,廃止する
i-1688,dispose,処分する、配置する
i-1689,refine,洗練する、精製する
i-1690,enrich,豊かにする、充実させる
i-1691,coordinate,調整する、連携させる
i-1692,transaction,取引
i-1693,census,国勢調査
i-1694,breakthrough,大発見、飛躍的進歩
i-1695,sphere,領域、球体
i-1696,circulation,循環、流通
i-1697,vacuum,真空、掃除機
i-1698,revenue,歳入、収入
i-1699,treaty,条約
i-1700,supreme,最高の
i-1701,insufficient,不十分な
i-1702,acute,激しい、深刻な
i-1703,monetary,金銭の、金銭的な
i-1704,drastic,抜本的な、徹底的な
i-1705,bless,恵みを与える、祝福する
i-1706,conform,従う、順応する
i-1707,provoke,引き起こす、挑発する
i-1708,digest,消化する、理解する
i-1709,utter,口にする、発する
i-1710,accommodate,収容する、対応する
i-1711,reassure,安心させる、再保証する
i-1712,surpass,上回る、超える
i-1713,decay,腐る、衰える
i-1714,tolerate,我慢する、許容する
i-1715,dissolve,溶かす、解散する
i-1716,awaken,目覚めさせる、呼び覚ます
i-1717,stake,利害関係、賭け金
i-1718,surplus,余剰、黒字
i-1719,sociology,社会学
i-1720,frontier,最前線、最先端
i-1721,radiation,放射線、放射能
i-1722,questionnaire,アンケート
i-1723,intellect,知性、知的能力
i-1724,hospitality,もてなし、歓待
i-1725,librarian,司書、図書館員
i-1726,hygiene,衛生
i-1727,authentic,本物の、正真正銘の
i-1728,immense,膨大な、巨大な
i-1729,absurd,ばかげた、あり得ない
i-1730,feminine,女らしい、女性の
i-1731,hollow,空洞の、空虚な
i-1732,crude,大まかな、粗野な
i-1733,pessimistic,悲観的な
i-1734,vain,無駄な、うぬぼれた
i-1735,edible,食べられる、食用の
i-1736,excel,優れている、秀でる
i-1737,prosper,繁栄する、成功する
i-1738,surge,殺到する、急増する
i-1739,intervene,介入する、仲裁する
i-1740,addict,中毒者、中毒にする
i-1741,condemn,非難する、有罪とする
i-1742,dictate,命令する、書き取らせる
i-1743,roam,歩き回る、放浪する
i-1744,enclose,同封する、取り囲む
i-1745,execute,実行する、処刑する
i-1746,coincide,一致する、同時に起こる
i-1747,inquire,尋ねる、問い合わせる
i-1748,betray,裏切る、漏らす
i-1749,converse,会話する、逆の
i-1750,recite,暗唱する、朗読する
i-1751,pledge,誓う、約束する
i-1752,aspire,目指す、熱望する
i-1753,commerce,商業、貿易
i-1754,timber,木材
i-1755,garment,衣服
i-1756,bureau,官庁、事務局
i-1757,toll,損害、使用料
i-1758,superstition,迷信
i-1759,glimpse,ちらりと見ること、ちらりと見る
i-1760,archive,記録文書、公文書
i-1761,ward,行政区、病棟
i-1762,irony,皮肉
i-1763,astronomy,天文学
i-1764,tumor,腫瘍
i-1765,defect,欠陥、欠点
i-1766,sentiment,感情、心情
i-1767,masculine,男らしい、男性の
i-1768,rigid,硬直した、厳しい
i-1769,literal,文字どおりの、逐語的な
i-1770,anonymous,匿名の
i-1771,antique,骨董の、古風な
i-1772,eternal,永遠の
i-1773,thermal,熱の、熱による
i-1774,naive,世間知らずな、お人よしの
i-1775,arrogant,横柄な、傲慢な
i-1776,illuminate,照らす、明らかにする
i-1777,console,慰める、コンソール
i-1778,hinder,妨げる、邪魔する
i-1779,erupt,噴火する、突然起こる
i-1780,plunge,突っ込む、急落する
i-1781,soothe,なだめる、和らげる
i-1782,flush,赤面する、勢いよく流す
i-1783,haunt,つきまとう、出没する
i-1784,divert,そらす、迂回させる
i-1785,unify,統一する、統合する
i-1786,tactics,作戦、方策
i-1787,analogy,類推、類似
i-1788,conscience,良心
i-1789,textile,織物、繊維
i-1790,plague,疫病、悩ます
i-1791,grid,供給網、格子
i-1792,carriage,馬車、車両
i-1793,friction,摩擦、不和
i-1794,monopoly,独占、独占権
i-1795,predecessor,前任者
i-1796,vessel,船、血管
i-1797,geometry,幾何学
i-1798,symmetry,左右対称、対称性
i-1799,masterpiece,傑作
i-1800,rhyme,韻、押韻詩
i-1801,courtesy,礼儀、丁重さ
i-1802,bankrupt,破産した
i-1803,stern,厳しい、険しい
i-1804,fertile,肥えた、多産の
i-1805,approximate,おおよその、およそ
i-1806,compatible,両立できる、互換性がある
i-1807,ample,十分すぎるほどの、豊富な
i-1808,deduce,推論する、導き出す
i-1809,assault,暴行する、暴行
i-1810,torture,拷問する、拷問
i-1811,cherish,大切にする、胸に抱く
i-1812,arouse,引き起こす、目覚めさせる
i-1813,dread,ひどく恐れる、恐怖
i-1814,nourish,栄養を与える、育む
i-1815,inject,注入する、注射する
i-1816,expire,期限が切れる、死亡する
i-1817,embassy,大使館
i-1818,refuge,避難所、避難
i-1819,latitude,緯度、自由度
i-1820,rhetoric,修辞、美辞
i-1821,sewage,下水、汚水
i-1822,subsidy,補助金
i-1823,mortgage,住宅ローン、抵当
i-1824,attorney,弁護士
i-1825,contempt,軽蔑
i-1826,liable,しがちな、責任がある
i-1827,abrupt,急な、不意の
i-1828,reckless,無謀な、向こう見ずな
i-1829,notorious,悪名高い
i-1830,mortal,致命的な、死すべき
i-1831,correlate,相関する、関連づく
i-1832,innovate,革新する、刷新する
i-1833,deploy,配備する、展開する
i-1834,empower,力を与える、権限を与える
i-1835,wed,結婚する
i-1836,neuron,ニューロン、神経細胞
i-1837,antibiotic,抗生物質
i-1838,dementia,認知症
i-1839,diabetes,糖尿病
i-1840,indigenous,先住の、原産の
i-1841,aboriginal,先住民の、アボリジニの
i-1842,cortex,皮質、大脳皮質
i-1843,syndrome,症候群
i-1844,deforestation,森林伐採
i-1845,aesthetic,美的な、美学の
i-1846,demographic,人口統計の
i-1847,prehistoric,有史以前の、先史時代の
i-1848,innate,生まれつきの、先天的な
i-1849,suppress,抑える、抑圧する
i-1850,manipulate,操る、改ざんする
i-1851,comprise,構成する、成り立つ
i-1852,criterion,基準
i-1853,paradox,逆説、矛盾
i-1854,legislation,法律、立法
i-1855,irrigation,灌漑
i-1856,unprecedented,前例のない
i-1857,indispensable,欠かせない
i-1858,imperial,帝国の、皇帝の
i-1859,superficial,表面的な、うわべだけの
i-1860,inherent,本来の、生来の
i-1861,undermine,徐々に損なう、弱める
i-1862,mutation,突然変異
i-1863,county,郡
i-1864,metropolitan,大都市の、首都圏の
i-1865,divine,神の、神聖な
i-1866,spontaneous,自然に起こる、自発的な
i-1867,spatial,空間の
i-1868,entitle,権利を与える、題名を付ける
i-1869,refrain,控える、我慢する
i-1870,populate,住む、住民がいる
i-1871,transplant,移植する、移植
i-1872,speculate,推測する、投機する
i-1873,intrigue,興味を引く、陰謀
i-1874,contaminate,汚染する、汚す
i-1875,conceive,思いつく、想像する
i-1876,entrepreneur,起業家、事業家
i-1877,ideology,思想体系、イデオロギー
i-1878,realm,領域、分野
i-1879,algorithm,アルゴリズム
i-1880,prairie,大草原
i-1881,placebo,偽薬、プラシーボ
i-1882,manuscript,手書き原稿、原稿
i-1883,obsession,取りつかれること、強迫観念
i-1884,legitimate,合法の、妥当な
i-1885,sheer,まったくの、すごい
i-1886,explicit,明白な、率直な
i-1887,prone,なりやすい
i-1888,affluent,裕福な
i-1889,exert,及ぼす、行使する
i-1890,convict,有罪にする、受刑者
i-1891,prescribe,処方する、規定する
i-1892,inhibit,抑える、妨げる
i-1893,sprawl,不規則に広がる、だらりと座る
i-1894,disregard,無視する、軽視する
i-1895,evoke,呼び起こす、喚起する
i-1896,grace,優美、恩恵
i-1897,autonomy,自治、自律
i-1898,discourse,議論、会話
i-1899,glossary,用語集、用語辞典
i-1900,anthropology,人類学
i-1901,psychiatrist,精神科医
i-1902,probe,探査機、探針
i-1903,sanitation,公衆衛生、衛生設備
i-1904,longevity,長寿、寿命
i-1905,plausible,もっともらしい、ありそうな
i-1906,vigorous,精力的な、活発な
i-1907,adverse,不都合な、不利な
i-1908,coherent,筋の通った、一貫した
i-1909,subordinate,下位の、部下
i-1910,apt,しがちな、適切な
i-1911,extrovert,外向的な人
i-1912,conspicuous,目立つ、顕著な
i-1913,intact,損なわれていない、無傷の
i-1914,embody,具現する、体現する
i-1915,disclose,公表する、暴露する
i-1916,constrain,強いる、制約する
i-1917,withstand,耐える、持ちこたえる
i-1918,embed,埋め込む、組み込む
i-1919,displace,取って代わる、移動させる
i-1920,shun,避ける
i-1921,impair,損なう、悪化させる
i-1922,presume,思う、推定する
i-1923,contend,主張する、争う
i-1924,feat,偉業、功績
i-1925,prestige,名声、威信
i-1926,deficit,赤字、不足
i-1927,metabolism,代謝
i-1928,paralysis,麻痺
i-1929,regime,政権、体制
i-1930,staple,主食、必需品
i-1931,vendor,物売り、販売業者
i-1932,premium,保険料、割増金
i-1933,protocol,議定書、手順
i-1934,specimen,標本、実例
i-1935,thesis,論文、命題
i-1936,vocational,職業の、職業訓練の
i-1937,maternal,母の、母親らしい
i-1938,obsolete,時代遅れの、廃れた
i-1939,acoustic,音響の、聴覚の
i-1940,preliminary,予備の、準備の
i-1941,implicit,暗黙の、含みのある
i-1942,pervasive,広く行き渡った、蔓延した
i-1943,simulate,模擬実験する、まねる
i-1944,penetrate,浸透する、突き抜ける
i-1945,cater,まかなう、対応する
i-1946,erect,建てる、直立させる
i-1947,doom,運命づける、破滅
i-1948,mourn,悼む、嘆く
i-1949,bid,値を付ける、入札する
i-1950,corrupt,堕落させる、買収する
i-1951,compile,編集する、まとめる
i-1952,allocate,割り当てる、配分する
i-1953,offset,相殺する、埋め合わせる
i-1954,restrain,抑える、制止する
i-1955,comply,従う、応じる
i-1956,embark,乗り込む、着手する
i-1957,furnish,備え付ける、提供する
i-1958,forge,偽造する、鍛造する
i-1959,thrust,押しつける、突き刺す
i-1960,dispatch,派遣する、発送する
i-1961,resent,憤る、腹を立てる
i-1962,allege,主張する、申し立てる
i-1963,oppress,抑圧する、迫害する
i-1964,expel,追放する、追い出す
i-1965,ascend,上昇する、昇る
i-1966,commence,始まる、開始する
i-1967,reign,統治、治世
i-1968,diplomacy,外交
i-1969,exile,亡命、追放する
i-1970,solitude,孤独
i-1971,archaeology,考古学
i-1972,synthesis,合成、統合
i-1973,doctrine,教義、主義
i-1974,holistic,全体的な、包括的な
i-1975,eloquent,雄弁な、表現力のある
i-1976,juvenile,青少年の、未熟な
i-1977,cynical,冷笑的な、皮肉な
i-1978,monotonous,単調な、一本調子の
i-1979,perpetual,永続的な、絶え間ない
i-1980,notwithstanding,にもかかわらず
i-1981,enact,制定する、施行する
i-1982,sweatshop,搾取工場
i-1983,paradigm,枠組み、典型
i-1984,empirical,経験的な、実証的な
i-1985,susceptible,影響を受けやすい、感染しやすい
i-1986,contemplate,熟考する、思案する
i-1987,enlightenment,啓発、啓蒙
i-1988,arbitrary,恣意的な、勝手な
i-1989,render,〜の状態にする、与える
i-1990,entail,伴う、引き起こす
i-1991,intrinsic,固有の、本質的な
i-1992,preoccupy,心を奪う、夢中にさせる
i-1993,reconcile,和解させる、一致させる
i-1994,advent,到来、出現
i-1995,plight,窮状
i-1996,fallacy,誤った考え、誤謬
i-1997,intelligible,理解できる、明瞭な
i-1998,zealous,熱心な、熱烈な
i-1999,ubiquitous,至る所にある、普遍的な
i-2000,verse,韻文、詩
